-- phpMyAdmin SQL Dump
-- version 4.2.11
-- http://www.phpmyadmin.net
--
-- Host: 127.0.0.1
-- Generation Time: Mar 26, 2016 at 06:12 AM
-- Server version: 5.6.21
-- PHP Version: 5.6.3

SET SQL_MODE = "NO_AUTO_VALUE_ON_ZERO";
SET time_zone = "+00:00";


/*!40101 SET @OLD_CHARACTER_SET_CLIENT=@@CHARACTER_SET_CLIENT */;
/*!40101 SET @OLD_CHARACTER_SET_RESULTS=@@CHARACTER_SET_RESULTS */;
/*!40101 SET @OLD_COLLATION_CONNECTION=@@COLLATION_CONNECTION */;
/*!40101 SET NAMES utf8 */;

--
-- Database: `voting`
--

-- --------------------------------------------------------

--
-- Table structure for table `activitylog`
--

CREATE TABLE IF NOT EXISTS `activitylog` (
  `name` varchar(255) NOT NULL,
  `activity` varchar(255) NOT NULL,
  `time` varchar(255) NOT NULL,
  `date` varchar(255) NOT NULL
) ENGINE=InnoDB DEFAULT CHARSET=latin1;

--
-- Dumping data for table `activitylog`
--

INSERT INTO `activitylog` (`name`, `activity`, `time`, `date`) VALUES
('Kenneth Aboy', 'has login', '12:37 PM', 'Mar 26, 2015'),
('Kenneth Aboy', 'has login', '12:38 PM', '03 26, 2015'),
('Kenneth Aboy', 'has login', '12:06 PM', 'Mar 27, 2015');

-- --------------------------------------------------------

--
-- Table structure for table `candidate`
--

CREATE TABLE IF NOT EXISTS `candidate` (
`candidate_id` int(11) NOT NULL,
  `position` varchar(100) NOT NULL,
  `firstname` varchar(100) NOT NULL,
  `lastname` varchar(100) NOT NULL,
  `year_level` varchar(100) NOT NULL,
  `gender` varchar(100) NOT NULL,
  `img` varchar(100) NOT NULL
) ENGINE=InnoDB AUTO_INCREMENT=18 DEFAULT CHARSET=latin1;

--
-- Dumping data for table `candidate`
--

INSERT INTO `candidate` (`candidate_id`, `position`, `firstname`, `lastname`, `year_level`, `gender`, `img`) VALUES
(1, 'President', 'Richmond Mark ', 'Yanson', '3rd Year', 'Male', 'upload/11928701_1047946031883591_1015222494_n.jpg'),
(2, 'President', 'Chat', 'Bantinoy', '2nd Year', 'Female', 'upload/1559705_815424978531569_7395941561692399876_n.jpg'),
(3, 'Vice President for Internal Affairs', 'Axel', 'De Asis', '3rd Year', 'Male', 'upload/11949533_1047946085216919_1763300588_n.jpg'),
(4, 'Vice President for External Affairs', 'EARVIN ISIAH ', 'Segovia', '4th Year', 'Male', 'upload/11944452_1047956875215840_278760593_n.jpg'),
(5, 'Vice President for External Affairs', 'Sunshine May', 'Demaraye', '2nd Year', 'Female', 'upload/11012805_921177147943910_8220959559540061543_n.jpg'),
(6, 'Muse', 'Julyn May', 'Divinagracia', '2nd Year', 'Female', 'upload/11891216_993628037343782_1109177780143706624_n.jpg'),
(7, 'Secretary', 'Rhea', 'Regalado', '3rd Year', 'Female', 'upload/11948085_1047946028550258_1807629289_n.jpg'),
(8, 'Treasurer', 'Baby Jean', 'Flores', '3rd Year', 'Female', 'upload/11933096_1047972231880971_299510286_n.jpg'),
(9, 'PIO', 'Ma. Riza Fe', 'Ador', '3rd Year', 'Female', 'upload/11909658_1047972485214279_900082612_n.jpg'),
(10, 'Business Manager', 'Jason', 'Flor', '2nd Year', 'Male', 'upload/11948194_1047957251882469_905311694_n.jpg'),
(11, 'Escort', 'Anjo Vincent', 'Salmingo', '4th Year', 'Male', 'upload/11911914_1047956821882512_734422934_n.jpg'),
(12, 'Muse', 'Alyssa Marie', 'David', '4th Year', 'Female', 'upload/11942255_1047956501882544_867155918_n.jpg'),
(13, 'Sgt. @ Arms', 'Jake (The Snake)', 'Cordero', '3rd Year', 'Male', 'upload/11910925_1047962755215252_408950021_n.jpg'),
(14, 'Business Manager', 'Jeru ', 'Mijares', '3rd Year', 'Male', 'upload/11938960_1047956868549174_2069755130_n.jpg'),
(15, 'Auditor', 'Geraldine', 'Gregorio', '2nd Year', 'Female', 'upload/18422_794910287268123_4066414250578598368_n.jpg'),
(16, 'Secretary', 'Mary Grace', 'Bugna', '2nd Year', 'Female', 'upload/11912953_1047987198546141_1402026102_n.jpg'),
(17, 'Muse', 'Kimberly ', 'Barbasa', '3rd Year', 'Female', 'upload/001.jpg');

-- --------------------------------------------------------

--
-- Table structure for table `user`
--

CREATE TABLE IF NOT EXISTS `user` (
`user_id` int(11) NOT NULL,
  `username` varchar(100) NOT NULL,
  `password` varchar(100) NOT NULL,
  `firstname` varchar(100) NOT NULL,
  `lastname` varchar(100) NOT NULL
) ENGINE=InnoDB AUTO_INCREMENT=5 DEFAULT CHARSET=latin1;

--
-- Dumping data for table `user`
--

INSERT INTO `user` (`user_id`, `username`, `password`, `firstname`, `lastname`) VALUES
(3, 'khim', 'tambok', 'Kim', 'Drilon'),
(4, 'izen', 'ckenz1991', 'Kenneth', 'Aboy');

-- --------------------------------------------------------

--
-- Table structure for table `voters`
--

CREATE TABLE IF NOT EXISTS `voters` (
`voters_id` int(11) NOT NULL,
  `id_number` int(11) NOT NULL,
  `password` varchar(100) NOT NULL,
  `firstname` varchar(100) NOT NULL,
  `lastname` varchar(100) NOT NULL,
  `year_level` varchar(100) NOT NULL,
  `status` varchar(100) NOT NULL,
  `account` varchar(100) NOT NULL
) ENGINE=MyISAM AUTO_INCREMENT=389 DEFAULT CHARSET=latin1;

--
-- Dumping data for table `voters`
--

INSERT INTO `voters` (`voters_id`, `id_number`, `password`, `firstname`, `lastname`, `year_level`, `status`, `account`) VALUES
(1, 21500894, 'j2sQS6WJ', 'AGLOBO', 'ALBERT JOHN ', '1st Year', 'Voted', 'Active'),
(2, 21500562, 'bW21jsnF', 'AMBAL', ' LYANNI MAY ', '1st Year', 'Voted', 'Active'),
(3, 21500394, 'Do7xs5cC', 'BACTON', ' KARREN JOY MALUNES', '1st Year', 'Voted', 'Active'),
(4, 21500604, 'r9CrZgy8', 'BANTILAN', ' MA. RHEA ', '1st Year', 'Voted', 'Active'),
(5, 21501175, '5SNClbBw', 'BENEDICTO', 'GENNELYN TOLENTINO', '1st Year', 'Voted', 'Active'),
(6, 21500109, 'wNJlP703', 'BUENCONSEJO', 'KRISTINE ', '1st Year', 'Voted', 'Active'),
(7, 21500322, 'RnWOqQor', 'BUYCO', ' NATHALIA ', '1st Year', 'Voted', 'Active'),
(8, 21500690, '9D8gHRPS', 'CAMACHO ', 'DAVID SON ', '1st Year', 'Voted', 'Active'),
(9, 21500452, 'rIJAZa6y', 'CANLAS', 'JATTIR ', '1st Year', 'Unvoted', 'Active'),
(10, 21500974, 'MdeMQc4o', 'CAUTIVAR', ' MELISSA KATE', '1st Year', 'Voted', 'Active'),
(11, 21500258, 'QpjAGQ9g', 'GAMELA ', 'LADY LEE ', '1st Year', 'Voted', 'Active'),
(12, 21501036, 'Em8d0WVA', 'GARZON', 'JIM MARK ', '1st Year', 'Voted', 'Active'),
(13, 215000163, 'HM1sWD21', 'GAYLON', ' MARY JOY ', '1st Year', 'Voted', 'Active'),
(14, 21500277, 'ELE6thaz', 'GEROCHE', ' MA. CIARA ', '1st Year', 'Voted', 'Active'),
(15, 21501250, 'n8GCINgh', 'GONZALES', ' JELLY ANNE', '1st Year', 'Voted', 'Active'),
(16, 21500777, 'FAEb6vh0', 'GUALFERIO', 'JURALYN', '1st Year', 'Unvoted', 'Active'),
(17, 21501443, '2eYrxiUx', 'GUMANA ', 'NIA CARLA', '1st Year', 'Unvoted', 'Active'),
(18, 21501600, 'j1CxGsBw', 'HUCALLA', ' DECERIE MAE', '1st Year', 'Voted', 'Active'),
(19, 21500813, 'ezzgPMo2', 'ITALIA', 'MARK JOSEPH', '1st Year', 'Voted', 'Active'),
(20, 21501554, 'ibf6sX2n', 'JOCSON', ' ANGEL FELINE', '1st Year', 'Voted', 'Active'),
(21, 21501405, '2i1Z1A6m', 'LESCANO', 'JOE FRITZ ', '1st Year', 'Voted', 'Active'),
(22, 21501137, 'vG9lHwRe', 'MAGHARI', ' LOUI JOHN ', '1st Year', 'Voted', 'Active'),
(23, 21500723, 'eGknIAYh', 'MIATAPAL', ' JILL', '1st Year', 'Voted', 'Active'),
(24, 21500417, 'OmZRiiKf', 'NARAL', 'JESSA MAE', '1st Year', 'Voted', 'Active'),
(25, 21501111, 'w0XfVU3H', 'PACUNLA', 'FRANJIE', '1st Year', 'Voted', 'Active'),
(26, 21501332, 'L7napBKJ', 'SEGAYO', ' ALLEN MAE', '1st Year', 'Voted', 'Active'),
(27, 21500820, 'ySDRRyvj', 'SEGOVIA', 'IAN ROY', '1st Year', 'Voted', 'Active'),
(28, 21500587, 'lktdziwE', 'TUZON', 'JEZRU', '1st Year', 'Voted', 'Active'),
(29, 21500785, 'i3gJtjOd', 'ULAT', 'KATE', '1st Year', 'Voted', 'Active'),
(30, 21501687, 'PFMd8y9j', 'VALENZUELA', 'RECHEL ANNE', '1st Year', 'Unvoted', 'Active'),
(31, 21500320, 'f140S931', 'AGAY', 'SHAYNE ANNIE', '1st Year', 'Voted', 'Active'),
(32, 21500890, 'A4yShxUc', 'AGRAVANTE', 'GERNALYN', '1st Year', 'Unvoted', 'Active'),
(33, 21500789, 'Z0yFqhaf', 'AVILES', 'PHRINCE ELMAR', '1st Year', 'Voted', 'Active'),
(34, 21501549, 'MuTBdIXH', 'BAJON', 'STEPHANIE', '1st Year', 'Voted', 'Active'),
(35, 21501144, 'iQt9Q0Gc', 'BALIGUAS', 'FRITZ ', '1st Year', 'Voted', 'Active'),
(36, 21500829, '998bP5Mk', 'BAÑARIA', 'CHRIS ANN', '1st Year', 'Voted', 'Active'),
(37, 21501230, 'KEbbSOpe', 'CABAHUG', 'AILYN', '1st Year', 'Voted', 'Active'),
(38, 21500214, '7XAJaNyl', 'CAGAY-AN', 'HARVEYLYN', '1st Year', 'Voted', 'Active'),
(39, 21501371, 'G8HjpMFV', 'CANALES', 'JADE', '1st Year', 'Voted', 'Active'),
(40, 21500366, 'ZGbzN9zT', 'CHAVEZ', 'VANESSA', '1st Year', 'Voted', 'Active'),
(41, 21500269, '7cQNl5dy', 'CONSEMINO', 'CHAYANN', '1st Year', 'Voted', 'Active'),
(42, 21500538, 'c6s9fggm', 'DELICANA', 'ARJOHN PETER', '1st Year', 'Voted', 'Active'),
(43, 21501318, 'gXzIbisO', 'DOROMAL', 'LANIE', '1st Year', 'Voted', 'Active'),
(44, 21500397, 'fGSPMWLG', 'DUYAG', 'LORESSE ', '1st Year', 'Voted', 'Active'),
(45, 21501009, 'VRdNix99', 'FERNANDEZ', 'RUBY ', '1st Year', 'Voted', 'Active'),
(46, 21501592, 'HBLoeddN', 'FUNTE', 'ALECA JOY', '1st Year', 'Voted', 'Active'),
(47, 21501128, 'CSuC3bJ8', 'GUACENA', 'AIRA SOFIA MARIE ', '1st Year', 'Voted', 'Active'),
(48, 21500735, 'lVvsztTK', 'GUILARAN', 'KERO', '1st Year', 'Voted', 'Active'),
(49, 21500594, 'lqnAijO6', 'JARALBA', 'MARY GRACE ', '1st Year', 'Voted', 'Active'),
(50, 21500416, 'z1JbDjj8', 'JUSTADO', 'ROSE JEAN', '1st Year', 'Voted', 'Active'),
(51, 21501022, 'WsFJU5W2', 'LOZANDE', 'CINDY', '1st Year', 'Unvoted', 'Active'),
(52, 21500125, 'fVZB9kFM', 'MAGBANUA', 'MARIENELLA ', '1st Year', 'Voted', 'Active'),
(53, 21500942, 'PS1jYIv5', 'MAYOLA', 'KHEN ', '1st Year', 'Voted', 'Active'),
(54, 21500650, 'eF7iBPbu', 'MEDRANO', 'MICHELLE', '1st Year', 'Unvoted', 'Active'),
(55, 21501487, '3DH9OwJo', 'NAVARETTE', 'NERY JANE', '1st Year', 'Unvoted', 'Active'),
(56, 21501855, 'wXal87rp', 'NINOY', 'MARIEL', '1st Year', 'Voted', 'Active'),
(57, 21501045, 'M3W34Q1e', 'OLITA', 'KATRINA MARIE', '1st Year', 'Voted', 'Active'),
(58, 21500555, 'GNap0jGq', 'OLIVAS', 'JUSTIN ', '1st Year', 'Voted', 'Active'),
(59, 21401023, 'Y8GaPkO7', 'PABALINAS', 'KHATE ANDREA ', '1st Year', 'Voted', 'Active'),
(60, 21501037, '0veSOPJ2', 'PABON', 'JINEN GRACE', '1st Year', 'Voted', 'Active'),
(61, 21500108, '2BfTEo9S', 'PARCON', 'MA. KHIA', '1st Year', 'Voted', 'Active'),
(62, 21501843, 'c2HMVpbf', 'POLICARPIO', 'APRIL LOYD', '', 'Voted', 'Active'),
(63, 21500260, 'MZafC81g', 'TACUYO', 'ARVEN', '', 'Voted', 'Active'),
(64, 21501513, 'FPTc7SZO', 'DOTIMAS', 'CHRISTINE JOY', '1st Year', 'Voted', 'Active'),
(65, 21500608, 'vXWsbpxd', 'DUMA-OP', 'ADRIAN ', '1st Year', 'Voted', 'Active'),
(66, 21501579, '5b5754fA', 'ESTACIO', 'RACHEL ANN ', '1st Year', 'Voted', 'Active'),
(67, 21500138, 'xELwdHFw', 'GARDOSE', 'JENISA ', '1st Year', 'Voted', 'Active'),
(68, 21500399, 'z3yMXapM', 'GIGUERA', 'KERWIN', '1st Year', 'Voted', 'Active'),
(69, 21501491, 'BdXvWbHG', 'GOMEZ ', 'KRISHA ANN MARIE', '1st Year', 'Voted', 'Active'),
(70, 21500137, '7YBDsfjt', 'GUARDIALAO', 'JONEL ', '1st Year', 'Voted', 'Active'),
(71, 21501260, 'shxi0Lre', 'LEONIDA ', 'JUNMAR', '1st Year', 'Voted', 'Active'),
(72, 21500477, 'MKPf5Llu', 'LOREGA ', 'JOHN DAVE', '1st Year', 'Voted', 'Active'),
(73, 21500276, 'WBetTWI0', 'LUBRICO', 'DAISYREY', '1st Year', 'Voted', 'Active'),
(74, 21500224, 'H61vB0O7', 'MAGALLANES', 'CRIS ', '1st Year', 'Voted', 'Active'),
(75, 21500075, 'jQ9iGAIb', 'MAHINAY', 'JEFFY', '1st Year', 'Voted', 'Active'),
(76, 21500107, 'd7gOe3ZZ', 'MIRANDA', 'MONIQUE ', '1st Year', 'Voted', 'Active'),
(77, 21500741, 'EoJTgd7c', 'MUZONES', 'MICHELLE', '1st Year', 'Voted', 'Active'),
(78, 21500711, '3FKf0dda', 'PERONO ', 'CAMILLE', '1st Year', 'Voted', 'Active'),
(79, 21501121, 'j0hquhvt', 'PLAME', 'RENELYN', '1st Year', 'Voted', 'Active'),
(80, 21501102, 'OwSSZodc', 'POLVORIDO', 'ASHLYN JOLENE', '1st Year', 'Voted', 'Active'),
(81, 21501140, 'KAoxYP6R', 'ROMO', 'RAMNEKEY ', '1st Year', 'Voted', 'Active'),
(82, 21500893, '5XcSKouB', 'SALES', 'CRIS ANN', '1st Year', 'Voted', 'Active'),
(83, 21500597, '9yu8fuNs', 'SANCHEZ', 'RANDELLE ANGELA', '1st Year', 'Voted', 'Active'),
(84, 21501669, '6LVMUq2M', 'SAPARE', 'MAY-ANN', '1st Year', 'Voted', 'Active'),
(85, 21501156, 'fXyVlzOn', 'SERRA ', 'JUNIEL', '1st Year', 'Voted', 'Active'),
(86, 21500748, 'D1pdHoL3', 'SEVA', 'JOEY JR.', '1st Year', 'Voted', 'Active'),
(87, 21500433, 'vzq3N17w', 'SOLIS', 'JANKENN', '1st Year', 'Voted', 'Active'),
(88, 21500697, '0snHUuBr', 'SOLLANO', 'JEAN SEAN ', '1st Year', 'Voted', 'Active'),
(89, 21501170, 'wM3Q8WHu', 'SUMAGAYSAY', 'JUDY', '1st Year', 'Unvoted', 'Active'),
(90, 21501012, 'cKZ7bcv6', 'TARROSA', 'KHEA JAYNE', '1st Year', 'Voted', 'Active'),
(91, 21500403, '5bCaO1Ev', 'TARROZA', 'ALFRED', '1st Year', 'Voted', 'Active'),
(92, 21500964, 'B1C8eVzd', 'TAUB ', 'MEL CARL', '1st Year', 'Voted', 'Active'),
(93, 21500839, 'w8B8PAUa', 'TUPAS', 'HERO', '1st Year', 'Voted', 'Active'),
(94, 21501577, '9u5Krurv', 'AGUIRRE', 'LYSTHRA JENINA', '1st Year', 'Voted', 'Active'),
(95, 21501165, 'wqzHfinU', 'ANTOPINA', 'IVAN ', '1st Year', 'Unvoted', 'Active'),
(96, 21500736, 's2WyuG0Q', 'APUHIN', 'JENNIFER', '1st Year', 'Unvoted', 'Active'),
(97, 21500571, 'EKjwooXR', 'APUHIN', 'NEYCELENE JOY', '1st Year', 'Voted', 'Active'),
(98, 21500279, 'vXq1icZI', 'AVENTURA', 'LINO JR.', '1st Year', 'Voted', 'Active'),
(99, 21501748, 'yT0iPBun', 'BAGACINA', 'ARGYLL', '1st Year', 'Unvoted', 'Active'),
(100, 21501080, '8aeBgRpN', 'BARILLA', 'JOHN', '1st Year', 'Voted', 'Active'),
(101, 21500655, 'YVVjI4n6', 'BERMEJO', 'ANA MAE', '1st Year', 'Voted', 'Active'),
(102, 21500392, 'NXeFGxKC', 'BISA', 'JINKY', '1st Year', 'Voted', 'Active'),
(103, 21500660, 'NcVRccSr', 'BUNDA', 'JUDY ANN', '1st Year', 'Voted', 'Active'),
(104, 21501084, 'FkQ3HX6v', 'CAGANDAHAN', 'DANILO JR.', '1st Year', 'Voted', 'Active'),
(105, 21500656, '2KmCp3Lt', 'CORDERO', 'JUVY ANN', '1st Year', 'Voted', 'Active'),
(106, 21500054, 'whWH8Odv', 'CUBOS', 'MARY GRACE', '1st Year', 'Voted', 'Active'),
(107, 21500618, 'vQtBVLlM', 'DADO ', 'NORMAN', '1st Year', 'Voted', 'Active'),
(108, 21501338, 'CO7w1jJx', 'DAVID', 'KESHIA FAYE', '1st Year', 'Voted', 'Active'),
(109, 21500513, 'o5rLOlPR', 'DE LA CRUZ', 'MALVIN', '1st Year', 'Voted', 'Active'),
(110, 21500324, 'EvowNDRT', 'DELEGIRO', 'PATRICK', '1st Year', 'Voted', 'Active'),
(111, 21500681, 'kTwNYOQV', 'DEMIAR ', 'RODJEAN', '1st Year', 'Voted', 'Active'),
(112, 21500510, 'nsEB39kE', 'DIAROTA', 'ROSJEN', '1st Year', 'Voted', 'Active'),
(113, 21500933, 'CYS6PNyC', 'DILE', 'SIMON LUISE', '1st Year', 'Voted', 'Active'),
(114, 21500870, 'SH00Qo9x', 'DONIEZA', 'SHARLENE', '1st Year', 'Voted', 'Active'),
(115, 21500139, 'xsZe2mwk', 'ECOY', 'JELLY', '1st Year', 'Voted', 'Active'),
(116, 21500419, '03oTPEOc', 'FERRARIS', 'JAY PAUL', '1st Year', 'Voted', 'Active'),
(117, 21500070, 'fxvd6MyR', 'SAUSI', 'FANNIE MAE', '1st Year', 'Voted', 'Active'),
(118, 21500601, '3esFjwzb', 'SOBERANO  ', 'CHRISTINE', '1st Year', 'Voted', 'Active'),
(119, 21500623, 'brfx3U8Q', 'TAMAYO', 'PEACHY MARIE ', '1st Year', 'Voted', 'Active'),
(120, 21501597, 'pzzyrzmp', 'TORIANO', 'EDNIE', '1st Year', 'Voted', 'Active'),
(121, 21500669, '9h5QJzT5', 'VEGA', 'CHRISJELO', '1st Year', 'Voted', 'Active'),
(122, 21500998, 'lK2xApyK', 'VILLANUEVA', 'ZOREN', '1st Year', 'Voted', 'Active'),
(123, 21501141, 'rJS68yXE', 'VISTO', 'THERESA', '1st Year', 'Voted', 'Active'),
(124, 21500504, 'f4wTAT6u', 'YORAC', 'JOEL MAE', '1st Year', 'Voted', 'Active'),
(125, 21400207, 'TKs0duEF', 'ARMIGOS', 'OMEGA', '2nd Year', 'Voted', 'Active'),
(126, 21400072, 'tcCiuGPF', 'BRIZUELA', 'JHANIEL', '2nd Year', 'Voted', 'Active'),
(127, 21101045, 'KQBtCFGh', 'BUYCO', 'FROYCE', '2nd Year', 'Voted', 'Active'),
(128, 21400181, 'NFXRDqcu', 'CALDINO', 'ANA DANIELA', '2nd Year', 'Voted', 'Active'),
(129, 21400389, '4qu1Fgu2', 'CARNAJE', 'FELIXBERTO JR.', '2nd Year', 'Voted', 'Active'),
(130, 21400063, 'Ou07tHH8', 'CASIS', 'PRINCESS SHALOOM', '2nd Year', 'Voted', 'Active'),
(131, 21400078, 'E7wlNKx3', 'DE LEON ', 'RUSSEL', '2nd Year', 'Voted', 'Active'),
(132, 21400720, 'aT8OWbFw', 'DEMAPANAG', 'CHRISTINE', '2nd Year', 'Voted', 'Active'),
(133, 21300907, 'rx3Ajwqp', 'DEQUIÑA', 'JOVIC ', '2nd Year', 'Voted', 'Active'),
(134, 21400087, '6luAztCm', 'DINGCONG', 'MAE', '2nd Year', 'Voted', 'Active'),
(135, 21400187, 'iPAbJuRc', 'ESTILO', 'NORELYN', '2nd Year', 'Voted', 'Active'),
(136, 21400019, 'tGjxAOaP', 'FLORES', 'JON MYLES', '2nd Year', 'Voted', 'Active'),
(137, 21400146, 'MlfYAcxK', 'GABIANDAN', 'KYLE MICHAEL', '2nd Year', 'Voted', 'Active'),
(138, 21400531, 'CBmrYcND', 'GARFIL', 'JECA MARIE', '2nd Year', 'Voted', 'Active'),
(139, 21400386, 'xY8VVqdJ', 'GONZALES', 'EDCEL', '2nd Year', 'Voted', 'Active'),
(140, 21400053, 'pauxMZjm', 'HERNAEZ ', 'KIMWON', '2nd Year', 'Voted', 'Active'),
(141, 21400377, 'Bv9ht3ol', 'IGNACIO', 'JOSHUA', '2nd Year', 'Voted', 'Active'),
(142, 21400483, '6QbpeC69', 'ILANO', 'JIMMY JR.', '2nd Year', 'Voted', 'Active'),
(143, 21401330, 'HP7MUI4a', 'JAPITANA', 'SHARIE KAYE', '2nd Year', 'Unvoted', 'Active'),
(144, 21400493, 'BVWMn6A2', 'JAYOBO', 'RHODALYN', '2nd Year', 'Voted', 'Active'),
(145, 21400465, 'kWit15qr', 'LEE', 'MA. BEATRICE FAYE', '2nd Year', 'Voted', 'Active'),
(146, 21500233, '9dEJxkQT', 'MELICOR', 'QUEEN ANN ', '2nd Year', 'Voted', 'Active'),
(147, 21400020, 'YSssI5cS', 'MIÑOSA', 'JESSA JANE', '2nd Year', 'Voted', 'Active'),
(148, 21301233, 'x3uG0Uf3', 'NAVARRA', 'JADE', '2nd Year', 'Voted', 'Active'),
(149, 21401133, 'WmMuYGcW', 'NEBRIA', 'GRENDY BLESS', '2nd Year', 'Voted', 'Active'),
(150, 21400236, 'DnbZAfKT', 'OCANA', 'CRISMIL JAN', '2nd Year', 'Voted', 'Active'),
(151, 21400466, 'PAjLg0sh', 'ORENSE', 'CHRISTIAN JOHN', '2nd Year', 'Voted', 'Active'),
(152, 21400029, '5kMYB2bk', 'PADRONIA', 'REYMART ', '2nd Year', 'Voted', 'Active'),
(153, 21400075, 'RoloGfHW', 'PUN-AN', 'JOANNA MAE', '2nd Year', 'Voted', 'Active'),
(154, 21400476, 'iXHmbY1R', 'SERMONIA', 'LOWIE JUDE', '2nd Year', 'Voted', 'Active'),
(155, 21401415, 'It9Guwu0', 'SEVERINO', 'STEPHINE', '2nd Year', 'Voted', 'Active'),
(156, 21400895, 'yAI9a9Wa', 'STA. ANA', 'CLINT STEVEN', '2nd Year', 'Voted', 'Active'),
(157, 21400132, '53Bxv8Tl', 'TAN', 'SCARLET MAY', '2nd Year', 'Voted', 'Active'),
(158, 21400131, '4Zc8MDB3', 'TAN ', 'SHARAINE', '2nd Year', 'Voted', 'Active'),
(159, 21400205, 'deVFrHor', 'TANAN', 'HENNELEN', '2nd Year', 'Voted', 'Active'),
(160, 21400588, 'xRtOtkNG', 'TORRES', 'DELILAH', '2nd Year', 'Voted', 'Active'),
(161, 21400182, 'OCRKciAA', 'TURBELA', 'VIA ACE', '2nd Year', 'Voted', 'Active'),
(162, 21401179, 'v2jU0wvL', 'ULAT', 'HASMINE', '2nd Year', 'Unvoted', 'Active'),
(163, 21301034, 'GheZWdGx', 'ANTONIO', 'VIA MAY', '2nd Year', 'Unvoted', 'Active'),
(164, 21401315, 'ykk9ds1j', 'APELINGA', 'LEE ANN ', '2nd Year', 'Voted', 'Active'),
(165, 21400764, 'U1kYCTFM', 'BACHAR', 'KATRINA', '2nd Year', 'Voted', 'Active'),
(166, 21400614, 'M91yhfxp', 'BARABONA', 'PRECIOUS ANGEL', '2nd Year', 'Voted', 'Active'),
(167, 21400918, 'NkZmccBV', 'BAUTISTA', 'JOHN PHILIP', '2nd Year', 'Voted', 'Active'),
(168, 21401427, 'R5mMCdDg', 'BAYA', 'JECEL', '2nd Year', 'Voted', 'Active'),
(169, 21401111, 'mnlYA2mh', 'BERMEO', 'JULIA', '2nd Year', 'Voted', 'Active'),
(170, 21400036, 'XSdA1ART', 'BONTALILID', 'JESLIE EBB', '2nd Year', 'Unvoted', 'Active'),
(171, 21400828, 'hcokMF9R', 'BUGNA', 'MARY GRACE', '2nd Year', 'Voted', 'Active'),
(172, 21401417, 'FNL9x5Xe', 'CELIZ ', 'MA. RENIETH', '2nd Year', 'Voted', 'Active'),
(173, 21401185, 'an8CZflg', 'CLARO', 'CAMILLE', '2nd Year', 'Voted', 'Active'),
(174, 21401136, '8CmUknhm', 'COMETA', 'MARY JOY', '2nd Year', 'Voted', 'Active'),
(175, 21400999, '6yLbrXSA', 'DE GUZMAN', 'KARREN JOY', '2nd Year', 'Voted', 'Active'),
(176, 21400413, 'Xb0cP8Zs', 'DEQUINTO', 'KIMBERLY', '2nd Year', 'Voted', 'Active'),
(177, 21400423, 'WMdtbYyx', 'DESOYO', 'LOVELYN', '2nd Year', 'Voted', 'Active'),
(178, 21400387, 'cnfKcs9s', 'DIAZ', 'CESAR', '2nd Year', 'Voted', 'Active'),
(179, 21400797, 'YdNxDayG', 'ELUMBA', 'JOLINA', '2nd Year', 'Voted', 'Active'),
(180, 21400860, 'ONMwDE68', 'FLOR', 'JASON', '2nd Year', 'Voted', 'Active'),
(181, 21400504, 'dOzXQBBe', 'GEAGOGO', 'MARY FAITH', '2nd Year', 'Voted', 'Active'),
(182, 21400526, 'T5jPNTT3', 'GREGORIO', 'GERALDINE', '2nd Year', 'Voted', 'Active'),
(183, 21401087, 'heMLsmiH', 'JAMBONGANA', 'JUSH KYLE ', '2nd Year', 'Voted', 'Active'),
(184, 21400835, 'mZNaCaTN', 'JONGCO', 'CRISTY ANN', '2nd Year', 'Voted', 'Active'),
(185, 21400770, 'CcdsTb3C', 'LOPEZ', 'ALYANA', '2nd Year', 'Unvoted', 'Active'),
(186, 21400490, 'GFCQlOqJ', 'MARIANO', 'CHRISTIAN', '2nd Year', 'Voted', 'Active'),
(187, 21401161, 'CCdvNSSn', 'OPENIANO', 'MARY KRIS', '2nd Year', 'Voted', 'Active'),
(188, 21400740, 'DbEckX6y', 'ORBIGOSO', 'JAMIL  ', '2nd Year', 'Unvoted', 'Active'),
(189, 21400749, 'i4W4OG1s', 'PRUDENTE', 'ERICA', '2nd Year', 'Voted', 'Active'),
(190, 21401036, 'fJoq0wZ2', 'SAMSON', 'RODOLFO JR.', '2nd Year', 'Unvoted', 'Active'),
(191, 21400561, '3dm6rIwN', 'SIM', 'JOHN LAVERN', '2nd Year', 'Voted', 'Active'),
(192, 21401049, 'ZP6seXGg', 'TAGUIBE', 'RHODALYN', '2nd Year', 'Voted', 'Active'),
(193, 21400834, '1Twr5guS', 'TOLEDO', 'GLENN PAUL', '2nd Year', 'Voted', 'Active'),
(194, 21500387, '4iZ4PRDg', 'TOLENTINO', 'DEE', '2nd Year', 'Voted', 'Active'),
(195, 21400560, 'FB8DyyxF', 'TORION', 'RICHEL GRACE', '2nd Year', 'Voted', 'Active'),
(196, 20101670, 'NG0bzrRi', 'TORRENO', 'GARRY JAY', '2nd Year', 'Voted', 'Active'),
(197, 21400391, '4JPmZUSj', 'VILLARIAS', 'GRETCHEN DIVINE', '2nd Year', 'Voted', 'Active'),
(198, 21200347, 'Z4cUcuiO', 'ALVAREZ', 'ALMIRA MAE', '4th year', 'Voted', 'Active'),
(199, 21200683, 'Fh8mVDOq', 'AMAN', 'JERIC', '4th year', 'Voted', 'Active'),
(200, 21200186, '8uKlTAoS', 'AMAZONA', 'KIA', '4th year', 'Voted', 'Active'),
(201, 21200982, 'DMj8Pza0', 'BASELIDES', 'ROLANIE', '4th year', 'Voted', 'Active'),
(202, 21201282, '5WeDFPUK', 'BITAR', 'RIA', '4th year', 'Voted', 'Active'),
(203, 21200798, 'sTVeHRlP', 'BUSTAMANTE', 'JEREMAE', '4th year', 'Voted', 'Active'),
(204, 21201219, 'Ehq13oNj', 'CARISMA', 'MA. GERALDINE', '4th year', 'Voted', 'Active'),
(205, 21200855, 'ZrmrrOKN', 'CASAPAO', 'JENNY', '4th year', 'Unvoted', 'Active'),
(206, 21200872, '7IVhH0h1', 'CASTRO', 'WELSON', '4th year', 'Voted', 'Active'),
(207, 21200610, 'fNkHuWcq', 'DE LA RAMA', 'JUN MAR', '4th year', 'Unvoted', 'Active'),
(208, 20100464, 'PXkNGz1e', 'DELOS SANTOS', 'MA. RAFEL', '4th year', 'Voted', 'Active'),
(209, 21200191, 'ImEF4Ywo', 'DIVINIGRACIA', 'LOURADEL', '4th year', 'Voted', 'Active'),
(210, 21101183, 'zh4633UX', 'DRILON', 'ANDRES III', '4th year', 'Voted', 'Active'),
(211, 21200358, 'Mz8fDInq', 'EMBERSO', 'RAY MARTIN', '4th year', 'Voted', 'Active'),
(212, 21200305, 'aF5gDOQU', 'FUENTES', 'MARIA ELMERA', '4th year', 'Unvoted', 'Active'),
(213, 21201113, 'g6vzMYEl', 'GUARDIALAO', 'DONA JEAN', '4th year', 'Unvoted', 'Active'),
(214, 21201090, 'FTGLeHtz', 'GUMATA', 'ARVY', '4th year', 'Voted', 'Active'),
(215, 21200781, 'IvEMvU6Y', 'HORTEZA', 'AIREN RIA', '4th year', 'Voted', 'Active'),
(216, 21201719, 'y1O2CIph', 'HULAMPONG', 'JEHDA', '4th year', 'Voted', 'Active'),
(217, 21200283, 'go04ozT2', 'IDOL', 'JINKY', '4th year', 'Voted', 'Active'),
(218, 21200702, 'NYW1Rtrn', 'ILAGAN', 'NATALIE', '4th year', 'Voted', 'Active'),
(219, 21200668, 'QCfVWw2F', 'JOCSON', 'MAE', '4th year', 'Voted', 'Active'),
(220, 21100499, 'RlYuGrI1', 'LACSON', 'JENNIE LOU', '4th year', 'Voted', 'Active'),
(221, 21201163, 'wLZsxQuu', 'LAMBAYONG', 'CYRIL', '4th year', 'Voted', 'Active'),
(222, 21201356, 'UqX8CdSI', 'LAPE', 'ANGELIE', '4th year', 'Voted', 'Active'),
(223, 21200265, '4zj5pn9R', 'MORALES', 'RICA', '4th year', 'Voted', 'Active'),
(224, 21200500, 'qYlVmh57', 'MUZONES', 'MARIEL', '4th year', 'Voted', 'Active'),
(225, 21201115, '0OIuqEZn', 'NAVAROSA', 'JAMINE', '4th year', 'Voted', 'Active'),
(226, 21201430, 'Elf35S6J', 'NICOR', 'ALLEN JOSHUA', '4th year', 'Unvoted', 'Active'),
(227, 21200653, '0WD97u0W', 'OROCIO', 'LIAMY', '4th year', 'Voted', 'Active'),
(228, 21200505, 'staQ4uJ4', 'PAMATIAN', 'KIMZEY', '4th year', 'Voted', 'Active'),
(229, 21200199, '8v5TsoPf', 'POLVORIDO', 'MEL JUDE', '4th year', 'Voted', 'Active'),
(230, 21200552, 'pUn8dJ2E', 'RECUSTODIO', 'RONILO JR.', '4th year', 'Voted', 'Active'),
(231, 21201237, '8lwyLGtY', 'ROCHE', 'ULYVIE', '4th year', 'Voted', 'Active'),
(232, 21200410, 'Oa4mylqB', 'ROSALES', 'AURORA MONICA', '4th year', 'Voted', 'Active'),
(233, 21200588, 'mdrGHDNs', 'ROTAS', 'DANIVA GRACE', '4th year', 'Voted', 'Active'),
(234, 21101285, 'WYQfBQiF', 'SALMINGO', 'ANJO VINCENT', '4th year', 'Voted', 'Active'),
(235, 27000372, 'MUt1BRn4', 'SERION', 'RAYMOND', '4th year', 'Voted', 'Active'),
(236, 21200223, 'QHcPlrnA', 'SUATING ', 'ALLEN', '4th year', 'Voted', 'Active'),
(237, 21200717, 'SZxVBmHw', 'SUERTO', 'MARK ANTHONY', '4th year', 'Unvoted', 'Active'),
(238, 21100747, 'ATZgYnVR', 'SUMPAY', 'LOVELY', '4th year', 'Unvoted', 'Active'),
(239, 21200173, 'eJJiB2Co', 'TIANGSON ', 'ADRIEL', '4th year', 'Voted', 'Active'),
(240, 21200172, 'apBFzLP4', 'VAILOCES', 'JAIMELYN', '4th year', 'Unvoted', 'Active'),
(241, 21100695, 'r3FiGir9', 'WINDAM', 'JARED REU', '4th year', 'Unvoted', 'Active'),
(242, 21200931, 'snmpdLbH', 'ABOY', 'KENNETH', '4th year', 'Voted', 'Active'),
(243, 21200787, 'vALhkaXr', 'ALFONSO', 'KIM', '4th year', 'Voted', 'Active'),
(244, 21201166, 'Yjr7VMya', 'ALIX', 'ARIANE', '4th year', 'Voted', 'Active'),
(245, 21200373, 'hV7wdBSq', 'ALVAREZ', 'MAYBELYN', '4th year', 'Voted', 'Active'),
(246, 21201453, 'JF0YyFsQ', 'ARANDILLA', 'MARK ARVIN', '4th year', 'Voted', 'Active'),
(247, 21200266, 'GDrmHdzb', 'ARTAGAME', 'JEFF REE', '4th year', 'Unvoted', 'Active'),
(248, 21200730, 'gE3QTE28', 'BANHAO', 'RESHTY', '4th year', 'Voted', 'Active'),
(249, 21200983, 'hq3gXhK0', 'BEBIT', 'BILLY RAY', '4th year', 'Voted', 'Active'),
(250, 21200339, 'mw2aUl8y', 'BELARMINO', 'MAICA', '4th year', 'Voted', 'Active'),
(251, 21200363, 'IKl15Iuy', 'BELECINA ', 'CHRYSTELLE MARIE', '4th year', 'Voted', 'Active'),
(252, 29000521, 'e4oSwEWZ', 'BENDITA', 'AILEE DEZA', '4th year', 'Voted', 'Active'),
(253, 21201244, '6IKs5TWV', 'BIAQUIS', 'RYAN CARL', '4th year', 'Unvoted', 'Active'),
(254, 21201012, 'EpFIPVp8', 'CALLADO', 'RHEN MARK', '4th year', 'Voted', 'Active'),
(255, 21200230, '5tY0jCma', 'CAÑONEO', 'ARIEL', '4th year', 'Unvoted', 'Active'),
(256, 21200178, 'ByRduCvc', 'CARAS', 'KATHRYN MARIE', '4th year', 'Voted', 'Active'),
(257, 21201338, '2fCKha17', 'CENTINA', 'KIMBERLY HOPE', '4th year', 'Unvoted', 'Active'),
(258, 21100403, 'paHjFNY8', 'CLAVEL', 'FREDDIE JR.', '4th year', 'Unvoted', 'Active'),
(259, 21200337, 'drPG1Zna', 'CORNEA', 'LUIS JR.', '4th year', 'Unvoted', 'Active'),
(260, 21200335, 'OTtzRSka', 'DACUDAG', 'NEIL', '4th year', 'Unvoted', 'Active'),
(261, 21200507, '6Sr4FKrY', 'DAVID', 'ALYSSA MARIE', '4th year', 'Voted', 'Active'),
(262, 21100632, 'rmF8OS4G', 'DE LA CRUZ', 'ELMAR', '4th year', 'Unvoted', 'Active'),
(263, 21200547, 'ka6BOziX', 'DEMERIN', 'ROLYN JASPER', '4th year', 'Voted', 'Active'),
(264, 21200889, '3LfqqIli', 'DONIS', 'JENNIFER ', '4th year', 'Voted', 'Active'),
(265, 21200336, 'ls731ZfQ', 'DORIMON', 'REYMEL', '4th year', 'Voted', 'Active'),
(266, 21200165, 'Rqa0Xzxz', 'FRANCISCO', 'RENA', '4th year', 'Voted', 'Active'),
(267, 21200512, 'lfXRwORX', 'GASTON', 'SHAIRA', '4th year', 'Voted', 'Active'),
(268, 21200233, 'w5q3TO5U', 'GAWAN', 'MARY JOY', '4th year', 'Unvoted', 'Active'),
(269, 21201335, 'vrK6h6hr', 'GOMEZ', 'SANDRA', '4th year', 'Voted', 'Active'),
(270, 21100617, 'Rp8SgIxM', 'GORDONCILLO', 'JADE', '4th year', 'Unvoted', 'Active'),
(271, 21200782, '4qRWakLR', 'GUTIERREZ', 'JEARA MAE', '4th year', 'Voted', 'Active'),
(272, 21200349, 'YLkMAlUj', 'ILLUSTRISIMO', 'ARLYN', '4th year', 'Voted', 'Active'),
(273, 21200947, 'tNodFTMv', 'JUMILLA', 'HYZEL JEN', '4th year', 'Voted', 'Active'),
(274, 21200310, 'Pw9JAHRP', 'MARIANO', 'MIRRIAM', '4th year', 'Voted', 'Active'),
(275, 21200513, '4mqU20Mx', 'MONTERO', 'JHONALYN', '4th year', 'Voted', 'Active'),
(276, 21200984, '5BIPopBV', 'OÑATE', 'CHARIS', '4th year', 'Unvoted', 'Active'),
(277, 21200487, 'jkdbQyQh', 'PADILLA', 'JOENEL', '4th year', 'Voted', 'Active'),
(278, 20100527, 'ElvgbKHF', 'PADONIO', 'IKEA', '4th year', 'Voted', 'Active'),
(279, 21200822, 'Ptr75WXO', 'PRAYCO', 'RICHARD', '4th year', 'Voted', 'Active'),
(280, 21201268, 'TmVbmlYj', 'SAYON ', 'KENNETH', '4th year', 'Unvoted', 'Active'),
(281, 27000966, 'TcioEo0n', 'SEGOVIA', 'EARVIN ISIAH MARC', '4th year', 'Voted', 'Active'),
(282, 21200164, 'NJxc2Im3', 'SERVILLA', 'LUDEVIC', '4th year', 'Voted', 'Active'),
(283, 21200601, 'uL6grBae', 'SOLIS ', 'ROCHELLE MAE', '4th year', 'Unvoted', 'Active'),
(284, 21401187, '91BSpVEB', 'AGSAM', 'MARIAN ANGEL ', '2nd Year', 'Voted', 'Active'),
(285, 21500036, 'dTloeocw', 'ARCEO', 'JEREMY', '2nd Year', 'Voted', 'Active'),
(286, 21401252, 'foj73ure', 'BANTINOY', 'CHAT', '2nd Year', 'Voted', 'Active'),
(287, 21301308, 'MGT7rQxf', 'BEBIERA', 'CHRISTIAN', '2nd Year', 'Unvoted', 'Active'),
(288, 21401387, '7b81agQw', 'BELLEZA', ' LUISA', '2nd Year', 'Voted', 'Active'),
(289, 21400577, '7eKlGCUh', 'BUGARIN', 'JENIFER', '2nd Year', 'Voted', 'Active'),
(290, 21401140, 'rbCe8d38', 'BUHAT', 'SKYLA JOY', '2nd Year', 'Voted', 'Active'),
(291, 21401150, '4iYBVii2', 'CALEXTERIO', 'JEAN LYN ', '2nd Year', 'Unvoted', 'Active'),
(292, 21401145, 'PDhkxE66', 'DEMARAYE', 'SUNSHINE MAY', '2nd Year', 'Voted', 'Active'),
(293, 21401156, 'ATniN96S', 'DIVINAGRACIA', 'JULYN MAY', '2nd Year', 'Voted', 'Active'),
(294, 21400950, 'ekyYk6Un', 'FERNANDEZ', 'ARIES', '2nd Year', 'Voted', 'Active'),
(295, 21300801, 'FEmjkpsr', 'FLORES', 'JAYSON', '2nd Year', 'Voted', 'Active'),
(296, 21401180, 'WbdtVLyv', 'JACINTO', 'JAIRA', '2nd Year', 'Voted', 'Active'),
(297, 21401175, 'ELz0Fqvz', 'LABIOSO', 'VINCE LOUIE', '2nd Year', 'Voted', 'Active'),
(298, 21401137, 'TT2VUmfN', 'LAGUDA, ', 'RAZEL JOY', '2nd Year', 'Voted', 'Active'),
(299, 21401144, 'sBSeTghB', 'LEDESMA', 'ALJON', '2nd Year', 'Voted', 'Active'),
(300, 21401141, 'RCEiHZZW', 'LLENA ', 'JOY GRACE', '2nd Year', 'Voted', 'Active'),
(301, 21401339, 'jr20PlFZ', 'MERIDA', 'KERENE', '2nd Year', 'Voted', 'Active'),
(302, 21401274, 'CPtPjOT1', 'MONTERO', 'CARLO', '2nd Year', 'Unvoted', 'Active'),
(303, 21401149, 'J8cGal5s', 'MORONG', 'ROSALIE', '2nd Year', 'Voted', 'Active'),
(304, 21401426, '9jjfegFO', 'NORTE', 'BEVONNIE', '2nd Year', 'Voted', 'Active'),
(305, 21401384, 'c3bIthSF', 'PELINGON', 'JESSIE', '2nd Year', 'Voted', 'Active'),
(306, 21401100, 'ua1Sya3X', 'REPASO', 'VINCENT ', '2nd Year', 'Voted', 'Active'),
(307, 21401143, 'WXV5RaIy', 'TANGUAN', 'ESTHER ROSE', '2nd Year', 'Voted', 'Active'),
(308, 21401305, 'AfRBxeJl', 'TAYO', 'JERIC BRIAN', '2nd Year', 'Unvoted', 'Active'),
(309, 21300978, 'XwZ9EOdp', 'ADOR', 'MA. RIZA FE', '3rd Year', 'Voted', 'Active'),
(310, 28000327, 'BBmbDmNn', 'ARENGA', 'DAWN MARIE', '3rd Year', 'Voted', 'Active'),
(311, 21300176, 'C7BInFO1', 'BALDOSTAMON', 'ARIAN', '3rd Year', 'Voted', 'Active'),
(312, 21300410, 'qzaBgbXX', 'BARTOLOME', 'KEARL JOY', '3rd Year', 'Voted', 'Active'),
(313, 21300922, '51sDtaA9', 'BORNALES', 'HARL JOY', '3rd Year', 'Voted', 'Active'),
(314, 21300122, 'MpbPlj4j', 'CANDELARIO', 'KIMBERLY JANINE', '3rd Year', 'Voted', 'Active'),
(315, 21300445, 'JAuGraf6', 'CUESTA', 'GIU MATTHEW', '3rd Year', 'Voted', 'Active'),
(316, 21300643, 'wOb3ky0N', 'DELA CRUZ', 'ERIC JOHN', '3rd Year', 'Voted', 'Active'),
(317, 21300463, '5jUUxE8a', 'DEMAVIVAS', 'AMIRA', '3rd Year', 'Voted', 'Active'),
(318, 21300010, 'OiSqHkeo', 'DIAVARRO', 'PAUL KHRISTIAN', '3rd Year', 'Voted', 'Active'),
(319, 21300799, 'EVC2NqO3', 'DORADO', 'ANGELICA', '3rd Year', 'Voted', 'Active'),
(320, 21300872, 'ZQXdWXVd', 'EDAÑO ', 'REY JEAN', '3rd Year', 'Voted', 'Active'),
(321, 21301105, 'y8wVRW6T', 'ESPINA', 'RAYMART', '3rd Year', 'Voted', 'Active'),
(322, 21300537, 'SQ8oURPU', 'LASCOÑA', 'EDUARDO JR.', '3rd Year', 'Voted', 'Active'),
(323, 21300628, 'vo7RsgYE', 'MESA', 'ARNELA MAE ', '3rd Year', 'Voted', 'Active'),
(324, 21300623, '3OpeRkAu', 'MURALLO', 'ELYZA MAE', '3rd Year', 'Voted', 'Active'),
(325, 21300036, 'hItO71AO', 'OHIMAN', 'CHERYLDA', '3rd Year', 'Voted', 'Active'),
(326, 21300375, 'CO8IYW0k', 'ROJO', 'MARIE', '3rd Year', 'Voted', 'Active'),
(327, 21300118, 'tGJszgVK', 'ROSAURO', 'IMA CONCEPCION', '3rd Year', 'Voted', 'Active'),
(328, 21300775, 'XhgiYs65', 'SERAN', 'MARYNEL', '3rd Year', 'Voted', 'Active'),
(329, 21300644, 'XeMt3JRE', 'SOLANO', 'JADE', '3rd Year', 'Voted', 'Active'),
(330, 21301299, 'qZqAhZ3c', 'TIJING', 'RASEL', '3rd Year', 'Voted', 'Active'),
(331, 21300171, 'fktwMFXm', 'TOLEDO', 'DYRA', '3rd Year', 'Voted', 'Active'),
(332, 21300258, 'T2LTARlK', 'TRESPUER', 'CRISTINE', '3rd Year', 'Voted', 'Active'),
(333, 21300956, 'a5doCaLA', 'VALENZUELA', 'CLINT ART', '3rd Year', 'Voted', 'Active'),
(334, 21300668, 'XBaYfxub', 'APOSAGA', 'CHESKA', '3rd Year', 'Voted', 'Active'),
(335, 21300619, 'uRMjdfET', 'BANDOY', 'DIANA', '3rd Year', 'Voted', 'Active'),
(336, 21300940, 'NdsGBIc4', 'BARBASA', 'KIMBERLY', '3rd Year', 'Voted', 'Active'),
(337, 21300649, 'bWtLLcso', 'BIBAS', 'LOURDELYN', '3rd Year', 'Voted', 'Active'),
(338, 21300708, 'EPpC6u07', 'BRACEROS', 'WENCY DYAN', '3rd Year', 'Voted', 'Active'),
(339, 21301064, 'lUX7wIps', 'CORDERO', 'JAKE AARON', '3rd Year', 'Voted', 'Active'),
(340, 21301099, 'TEA8qaJh', 'DE DIOS', 'MICAELA', '3rd Year', 'Voted', 'Active'),
(341, 21300440, 'NuUi2iQ2', 'DE LA TORRE', 'RONNEL JOHN ', '3rd Year', 'Voted', 'Active'),
(342, 21300102, 'Lukdxa2K', 'DEBUYAN', 'DEOLITA ROSE', '3rd Year', 'Voted', 'Active'),
(343, 21200817, 'HFVuA7fU', 'DIDO', 'GRACE ANN', '3rd Year', 'Voted', 'Active'),
(344, 21301226, 'siZmBAgd', 'DIOJOY', 'JOVEN', '3rd Year', 'Voted', 'Active'),
(345, 21300951, 'yJAmkyyo', 'FRANCISCO', 'MARK GLENN', '3rd Year', 'Voted', 'Active'),
(346, 21300278, 'Wy2rSZQr', 'LEGARTO', 'MERYL', '3rd Year', 'Voted', 'Active'),
(347, 21300088, '99gyhSXB', 'LOREN', 'RENZY IVAN ', '3rd Year', 'Voted', 'Active'),
(348, 21300494, '2LeX5dK2', 'MALAN', 'JEMELYN', '3rd Year', 'Voted', 'Active'),
(349, 21301181, 'm8vBp8qc', 'MONGCAL', 'KIMBERLYN', '3rd Year', 'Voted', 'Active'),
(350, 21300499, 'IQQRRKaz', 'NIEMES', 'JEMMA ', '3rd Year', 'Voted', 'Active'),
(351, 21100193, 'x9wFZ2sy', 'PALENCIA', 'LARIZA', '3rd Year', 'Voted', 'Active'),
(352, 21300954, 'xSzaHVn5', 'PANES', 'MAREFEL', '3rd Year', 'Voted', 'Active'),
(353, 21300540, 'JmxW7Zi7', 'ROJO', ' AIRA MAE', '3rd Year', 'Voted', 'Active'),
(354, 21300374, 'UTWcPQky', 'ROSAL', 'ROSE ANN', '3rd Year', 'Voted', 'Active'),
(355, 21300558, 'r1DvhwWJ', 'SERION', ' REYNAN', '3rd Year', 'Voted', 'Active'),
(356, 21300213, 'OXtWDhpU', 'SIMBAHON', ' GEORGIE JR.', '3rd Year', 'Voted', 'Active'),
(357, 21201349, 'IAT9zwVv', 'VALENTE', 'LEAH ', '3rd Year', 'Voted', 'Active'),
(358, 21300525, 'gJoPHOpu', 'VILLANUEVA', 'CARL FRANCIS', '3rd Year', 'Voted', 'Active'),
(359, 21301266, '6qsKPAbk', 'YANSON', ' RICHMOND MARK', '3rd Year', 'Voted', 'Active'),
(360, 21300493, '2iWzE5yH', 'YTIENZA', 'DONARD', '3rd Year', 'Voted', 'Active'),
(361, 21300593, 'kODcR5Ym', 'ARTISTA', 'JOMAR', '3rd Year', 'Voted', 'Active'),
(362, 21300526, 'onxnVKim', 'BACAN', 'RAZEL JOY', '3rd Year', 'Voted', 'Active'),
(363, 21300712, '9fSFJ3tG', 'BALLADARES', ' ROSE ANN', '3rd Year', 'Voted', 'Active'),
(364, 20100307, '5Et8PAEO', 'BEATINGO', 'ELISEO', '3rd Year', 'Voted', 'Active'),
(365, 21300031, 'ZWMQVsoh', 'CANIESO', 'DANIEL ROBERT', '3rd Year', 'Voted', 'Active'),
(366, 21300477, 'JYGcq1Ou', 'CASTRO', 'NICOLE', '3rd Year', 'Voted', 'Active'),
(367, 21301085, 'l6mSWnNM', 'DE ASIS', 'AXEL', '3rd Year', 'Voted', 'Active'),
(368, 21300867, '903NR5um', 'DIOMA', ' MICOLE MARIE', '3rd Year', 'Voted', 'Active'),
(369, 21301228, 'aIlVCDqF', 'FLORES', ' BABY JEAN', '3rd Year', 'Voted', 'Active'),
(370, 21300067, 'prJxhS0F', 'GELERA', 'RICA', '3rd Year', 'Voted', 'Active'),
(371, 21200959, 'h5ABYbTU', 'GRAJO', 'KEVIN', '3rd Year', 'Voted', 'Active'),
(372, 21300024, 'ckRylXLZ', 'GUMBAN', 'JOEMAR JOHN', '3rd Year', 'Voted', 'Active'),
(373, 21300200, 'S2EwWGZD', 'INTES', 'JESEBEL', '3rd Year', 'Unvoted', 'Active'),
(374, 21300087, 'bDMIhx5y', 'LAPAZ', ' DAVE', '3rd Year', 'Voted', 'Active'),
(375, 21300705, 'OfuN9gbh', 'MARAVILLA', ' JESSA', '3rd Year', 'Voted', 'Active'),
(376, 21300885, 'eiAHSzz1', 'PACLIBAR', 'KRISTELL MARVIE', '3rd Year', 'Voted', 'Active'),
(377, 21301246, 'bwTfMyUZ', 'PASCO', 'KATRIN SHEEN ', '3rd Year', 'Unvoted', 'Active'),
(378, 21301242, '2IZ2Z0qT', 'REGALADO', 'REAH ', '3rd Year', 'Voted', 'Active'),
(379, 21300538, 'oOqQ6pMb', 'SAUSA', 'NELLEN', '3rd Year', 'Voted', 'Active'),
(380, 20100633, 'cMmekcpN', 'SERQUILLOS', ' RODELYN ', '3rd Year', 'Unvoted', 'Active'),
(381, 21300778, 'qc3LwqAM', 'SIASON', ' CARLO', '3rd Year', 'Voted', 'Active'),
(382, 21300203, 'el6KytmW', 'TALABAN', 'JENIE MAE', '3rd Year', 'Voted', 'Active'),
(383, 21300385, 'oa0gW9Bi', 'TEVES', ' DONNA  MARIE', '3rd Year', 'Voted', 'Active'),
(384, 21301150, 'cyNugEbn', 'VELOSO', ' ANNIE ROSE ', '3rd Year', 'Unvoted', 'Active'),
(385, 21301005, 'L4CNeI9w', 'VILLARIN', 'PAUL BRYAN', '3rd Year', 'Voted', 'Active'),
(386, 21300305, 'Kd9nIWWq', 'YESO', 'MA. RUBY MELENDREZ', '3rd Year', 'Unvoted', 'Active'),
(387, 21301200, 'LdCmI5oF', 'Jeru', 'Mijares', '3rd Year', 'Voted', 'Active'),
(388, 212000000, '', 'Doe', 'John', '4th Year', 'Unvoted', 'Active');

-- --------------------------------------------------------

--
-- Table structure for table `votes`
--

CREATE TABLE IF NOT EXISTS `votes` (
`vote_id` int(255) NOT NULL,
  `candidate_id` varchar(255) NOT NULL,
  `voters_id` varchar(255) NOT NULL
) ENGINE=InnoDB AUTO_INCREMENT=3917 DEFAULT CHARSET=latin1;

--
-- Dumping data for table `votes`
--

INSERT INTO `votes` (`vote_id`, `candidate_id`, `voters_id`) VALUES
(1, '30', '12'),
(2, '31', '12'),
(3, '58', '12'),
(4, '35', '12'),
(5, '61', '12'),
(6, '39', '12'),
(7, '44', '12'),
(8, '56', '12'),
(9, '48', '12'),
(10, '49', '12'),
(11, '63', '12'),
(12, '', '13'),
(13, '', '13'),
(14, '', '13'),
(15, '', '13'),
(16, '', '13'),
(17, '', '13'),
(18, '', '13'),
(19, '', '13'),
(20, '', '13'),
(21, '', '13'),
(22, '', '13'),
(23, '', ''),
(24, '', ''),
(25, '', ''),
(26, '', ''),
(27, '', ''),
(28, '', ''),
(29, '', ''),
(30, '', ''),
(31, '', ''),
(32, '', ''),
(33, '', ''),
(34, '', '4'),
(35, '', '4'),
(36, '', '4'),
(37, '', '4'),
(38, '', '4'),
(39, '', '4'),
(40, '', '4'),
(41, '', '4'),
(42, '', '4'),
(43, '', '4'),
(44, '', '4'),
(45, '', '1'),
(46, '', '1'),
(47, '', '1'),
(48, '', '1'),
(49, '', '1'),
(50, '', '1'),
(51, '', ''),
(52, '', '1'),
(53, '', ''),
(54, '', '1'),
(55, '', ''),
(56, '', '1'),
(57, '', ''),
(58, '', '1'),
(59, '', ''),
(60, '', '1'),
(61, '', ''),
(62, '', ''),
(63, '', ''),
(64, '', ''),
(65, '', ''),
(66, '', ''),
(67, '', '1'),
(68, '', '1'),
(69, '', '1'),
(70, '', '1'),
(71, '', '1'),
(72, '', '1'),
(73, '', '1'),
(74, '', '1'),
(75, '', '1'),
(76, '', '1'),
(77, '', '1'),
(78, '', '3'),
(79, '', '3'),
(80, '', '3'),
(81, '', '3'),
(82, '', '3'),
(83, '', '3'),
(84, '', '3'),
(85, '', '3'),
(86, '', '3'),
(87, '', '3'),
(88, '', '3'),
(89, '', '2'),
(90, '', '2'),
(91, '', '2'),
(92, '', '2'),
(93, '', '2'),
(94, '', '2'),
(95, '', '2'),
(96, '', '2'),
(97, '', '2'),
(98, '', '2'),
(99, '63', '2'),
(100, '', '5'),
(101, '', '5'),
(102, '', '5'),
(103, '', '5'),
(104, '', '5'),
(105, '', '5'),
(106, '', '5'),
(107, '', '5'),
(108, '', '5'),
(109, '', '5'),
(110, '63', '5'),
(111, '30', '4'),
(112, '57', '4'),
(113, '58', '4'),
(114, '59', '4'),
(115, '', '4'),
(116, '43', '4'),
(117, '44', '4'),
(118, '62', '4'),
(119, '48', '4'),
(120, '54', '4'),
(121, '51', '4'),
(122, '', '1'),
(123, '', '1'),
(124, '', '1'),
(125, '', '1'),
(126, '', '1'),
(127, '', '1'),
(128, '', '1'),
(129, '', '1'),
(130, '', '1'),
(131, '50', '1'),
(132, '', '1'),
(133, '', '2'),
(134, '', '2'),
(135, '', '2'),
(136, '', '2'),
(137, '', '2'),
(138, '', '2'),
(139, '', '2'),
(140, '', '2'),
(141, '47', '2'),
(142, '50', '2'),
(143, '', '2'),
(144, '2', '1'),
(145, '', '1'),
(146, '', '1'),
(147, '', '1'),
(148, '', '1'),
(149, '', '1'),
(150, '', '1'),
(151, '', '1'),
(152, '', '1'),
(153, '', '1'),
(154, '', '1'),
(155, '1', '233'),
(156, '3', '233'),
(157, '5', '233'),
(158, '7', '233'),
(159, '15', '233'),
(160, '8', '233'),
(161, '9', '233'),
(162, '14', '233'),
(163, '13', '233'),
(164, '12', '233'),
(165, '11', '233'),
(166, '1', '67'),
(167, '3', '67'),
(168, '5', '67'),
(169, '7', '67'),
(170, '15', '67'),
(171, '8', '67'),
(172, '9', '67'),
(173, '10', '67'),
(174, '13', '67'),
(175, '6', '67'),
(176, '11', '67'),
(177, '2', '72'),
(178, '3', '72'),
(179, '4', '72'),
(180, '7', '72'),
(181, '15', '72'),
(182, '8', '72'),
(183, '9', '72'),
(184, '14', '72'),
(185, '13', '72'),
(186, '6', '72'),
(187, '11', '72'),
(188, '1', '90'),
(189, '', '90'),
(190, '', '90'),
(191, '', '90'),
(192, '', '90'),
(193, '', '90'),
(194, '9', '90'),
(195, '', '90'),
(196, '', '90'),
(197, '12', '90'),
(198, '', '90'),
(199, '1', '64'),
(200, '3', '64'),
(201, '5', '64'),
(202, '7', '64'),
(203, '15', '64'),
(204, '8', '64'),
(205, '9', '64'),
(206, '10', '64'),
(207, '13', '64'),
(208, '6', '64'),
(209, '11', '64'),
(210, '2', '79'),
(211, '3', '79'),
(212, '5', '79'),
(213, '7', '79'),
(214, '15', '79'),
(215, '8', '79'),
(216, '9', '79'),
(217, '10', '79'),
(218, '13', '79'),
(219, '6', '79'),
(220, '11', '79'),
(221, '1', '77'),
(222, '3', '77'),
(223, '5', '77'),
(224, '7', '77'),
(225, '15', '77'),
(226, '8', '77'),
(227, '9', '77'),
(228, '10', '77'),
(229, '13', '77'),
(230, '6', '77'),
(231, '11', '77'),
(232, '1', '78'),
(233, '3', '78'),
(234, '5', '78'),
(235, '7', '78'),
(236, '15', '78'),
(237, '8', '78'),
(238, '9', '78'),
(239, '10', '78'),
(240, '13', '78'),
(241, '6', '78'),
(242, '11', '78'),
(243, '2', '68'),
(244, '3', '68'),
(245, '5', '68'),
(246, '7', '68'),
(247, '15', '68'),
(248, '8', '68'),
(249, '9', '68'),
(250, '10', '68'),
(251, '', '68'),
(252, '6', '68'),
(253, '', '68'),
(254, '1', '70'),
(255, '3', '70'),
(256, '5', '70'),
(257, '7', '70'),
(258, '15', '70'),
(259, '8', '70'),
(260, '9', '70'),
(261, '10', '70'),
(262, '13', '70'),
(263, '6', '70'),
(264, '11', '70'),
(265, '2', '76'),
(266, '3', '76'),
(267, '5', '76'),
(268, '7', '76'),
(269, '15', '76'),
(270, '8', '76'),
(271, '9', '76'),
(272, '14', '76'),
(273, '13', '76'),
(274, '12', '76'),
(275, '11', '76'),
(276, '1', '83'),
(277, '3', '83'),
(278, '5', '83'),
(279, '7', '83'),
(280, '15', '83'),
(281, '8', '83'),
(282, '9', '83'),
(283, '10', '83'),
(284, '13', '83'),
(285, '6', '83'),
(286, '11', '83'),
(287, '2', '84'),
(288, '3', '84'),
(289, '5', '84'),
(290, '7', '84'),
(291, '15', '84'),
(292, '8', '84'),
(293, '9', '84'),
(294, '10', '84'),
(295, '', '84'),
(296, '12', '84'),
(297, '11', '84'),
(298, '1', '92'),
(299, '3', '92'),
(300, '5', '92'),
(301, '7', '92'),
(302, '15', '92'),
(303, '8', '92'),
(304, '9', '92'),
(305, '14', '92'),
(306, '13', '92'),
(307, '12', '92'),
(308, '11', '92'),
(309, '1', '87'),
(310, '3', '87'),
(311, '5', '87'),
(312, '7', '87'),
(313, '15', '87'),
(314, '8', '87'),
(315, '9', '87'),
(316, '10', '87'),
(317, '13', '87'),
(318, '6', '87'),
(319, '11', '87'),
(320, '1', '73'),
(321, '3', '73'),
(322, '5', '73'),
(323, '7', '73'),
(324, '15', '73'),
(325, '8', '73'),
(326, '9', '73'),
(327, '10', '73'),
(328, '13', '73'),
(329, '6', '73'),
(330, '11', '73'),
(331, '1', '86'),
(332, '3', '86'),
(333, '5', '86'),
(334, '7', '86'),
(335, '15', '86'),
(336, '8', '86'),
(337, '9', '86'),
(338, '10', '86'),
(339, '13', '86'),
(340, '6', '86'),
(341, '11', '86'),
(342, '1', '80'),
(343, '3', '80'),
(344, '5', '80'),
(345, '7', '80'),
(346, '15', '80'),
(347, '8', '80'),
(348, '9', '80'),
(349, '10', '80'),
(350, '13', '80'),
(351, '12', '80'),
(352, '11', '80'),
(353, '2', '88'),
(354, '3', '88'),
(355, '5', '88'),
(356, '7', '88'),
(357, '15', '88'),
(358, '8', '88'),
(359, '9', '88'),
(360, '10', '88'),
(361, '13', '88'),
(362, '17', '88'),
(363, '11', '88'),
(364, '2', '69'),
(365, '3', '69'),
(366, '5', '69'),
(367, '7', '69'),
(368, '15', '69'),
(369, '8', '69'),
(370, '9', '69'),
(371, '10', '69'),
(372, '13', '69'),
(373, '12', '69'),
(374, '11', '69'),
(375, '2', '101'),
(376, '3', '101'),
(377, '5', '101'),
(378, '7', '101'),
(379, '15', '101'),
(380, '8', '101'),
(381, '9', '101'),
(382, '10', '101'),
(383, '13', '101'),
(384, '6', '101'),
(385, '11', '101'),
(386, '2', '98'),
(387, '3', '98'),
(388, '5', '98'),
(389, '16', '98'),
(390, '15', '98'),
(391, '8', '98'),
(392, '9', '98'),
(393, '14', '98'),
(394, '13', '98'),
(395, '12', '98'),
(396, '11', '98'),
(397, '1', '94'),
(398, '3', '94'),
(399, '5', '94'),
(400, '7', '94'),
(401, '15', '94'),
(402, '8', '94'),
(403, '9', '94'),
(404, '10', '94'),
(405, '13', '94'),
(406, '12', '94'),
(407, '11', '94'),
(408, '2', '102'),
(409, '3', '102'),
(410, '4', '102'),
(411, '7', '102'),
(412, '15', '102'),
(413, '8', '102'),
(414, '9', '102'),
(415, '14', '102'),
(416, '13', '102'),
(417, '6', '102'),
(418, '11', '102'),
(419, '2', '48'),
(420, '3', '48'),
(421, '5', '48'),
(422, '7', '48'),
(423, '15', '48'),
(424, '8', '48'),
(425, '9', '48'),
(426, '10', '48'),
(427, '13', '48'),
(428, '6', '48'),
(429, '11', '48'),
(430, '1', '105'),
(431, '3', '105'),
(432, '4', '105'),
(433, '7', '105'),
(434, '15', '105'),
(435, '8', '105'),
(436, '9', '105'),
(437, '10', '105'),
(438, '13', '105'),
(439, '12', '105'),
(440, '11', '105'),
(441, '1', '117'),
(442, '3', '117'),
(443, '4', '117'),
(444, '7', '117'),
(445, '15', '117'),
(446, '8', '117'),
(447, '9', '117'),
(448, '14', '117'),
(449, '13', '117'),
(450, '6', '117'),
(451, '11', '117'),
(452, '1', '114'),
(453, '3', '114'),
(454, '5', '114'),
(455, '7', '114'),
(456, '15', '114'),
(457, '8', '114'),
(458, '9', '114'),
(459, '10', '114'),
(460, '13', '114'),
(461, '12', '114'),
(462, '11', '114'),
(463, '2', '112'),
(464, '3', '112'),
(465, '', '112'),
(466, '16', '112'),
(467, '15', '112'),
(468, '8', '112'),
(469, '9', '112'),
(470, '10', '112'),
(471, '13', '112'),
(472, '17', '112'),
(473, '11', '112'),
(474, '2', '112'),
(475, '3', '112'),
(476, '', '112'),
(477, '16', '112'),
(478, '15', '112'),
(479, '8', '112'),
(480, '9', '112'),
(481, '10', '112'),
(482, '13', '112'),
(483, '17', '112'),
(484, '11', '112'),
(485, '1', '116'),
(486, '3', '116'),
(487, '5', '116'),
(488, '7', '116'),
(489, '15', '116'),
(490, '8', '116'),
(491, '9', '116'),
(492, '10', '116'),
(493, '13', '116'),
(494, '6', '116'),
(495, '11', '116'),
(496, '1', '66'),
(497, '3', '66'),
(498, '5', '66'),
(499, '7', '66'),
(500, '15', '66'),
(501, '8', '66'),
(502, '9', '66'),
(503, '10', '66'),
(504, '13', '66'),
(505, '12', '66'),
(506, '11', '66'),
(507, '1', '107'),
(508, '3', '107'),
(509, '5', '107'),
(510, '7', '107'),
(511, '15', '107'),
(512, '8', '107'),
(513, '9', '107'),
(514, '10', '107'),
(515, '13', '107'),
(516, '12', '107'),
(517, '11', '107'),
(518, '1', '74'),
(519, '3', '74'),
(520, '5', '74'),
(521, '7', '74'),
(522, '15', '74'),
(523, '8', '74'),
(524, '9', '74'),
(525, '14', '74'),
(526, '13', '74'),
(527, '6', '74'),
(528, '11', '74'),
(529, '1', '119'),
(530, '3', '119'),
(531, '5', '119'),
(532, '16', '119'),
(533, '15', '119'),
(534, '8', '119'),
(535, '9', '119'),
(536, '14', '119'),
(537, '13', '119'),
(538, '6', '119'),
(539, '11', '119'),
(540, '1', '115'),
(541, '3', '115'),
(542, '5', '115'),
(543, '16', '115'),
(544, '15', '115'),
(545, '8', '115'),
(546, '9', '115'),
(547, '10', '115'),
(548, '13', '115'),
(549, '12', '115'),
(550, '11', '115'),
(551, '1', '110'),
(552, '', '110'),
(553, '5', '110'),
(554, '7', '110'),
(555, '15', '110'),
(556, '8', '110'),
(557, '9', '110'),
(558, '14', '110'),
(559, '13', '110'),
(560, '6', '110'),
(561, '11', '110'),
(562, '1', '71'),
(563, '3', '71'),
(564, '4', '71'),
(565, '7', '71'),
(566, '15', '71'),
(567, '8', '71'),
(568, '9', '71'),
(569, '14', '71'),
(570, '13', '71'),
(571, '6', '71'),
(572, '11', '71'),
(573, '1', '106'),
(574, '3', '106'),
(575, '5', '106'),
(576, '7', '106'),
(577, '15', '106'),
(578, '8', '106'),
(579, '9', '106'),
(580, '10', '106'),
(581, '13', '106'),
(582, '17', '106'),
(583, '11', '106'),
(584, '1', '65'),
(585, '3', '65'),
(586, '5', '65'),
(587, '7', '65'),
(588, '', '65'),
(589, '', '65'),
(590, '9', '65'),
(591, '14', '65'),
(592, '13', '65'),
(593, '6', '65'),
(594, '', '65'),
(595, '2', '93'),
(596, '3', '93'),
(597, '5', '93'),
(598, '7', '93'),
(599, '15', '93'),
(600, '8', '93'),
(601, '9', '93'),
(602, '14', '93'),
(603, '13', '93'),
(604, '12', '93'),
(605, '11', '93'),
(606, '1', '124'),
(607, '3', '124'),
(608, '5', '124'),
(609, '7', '124'),
(610, '15', '124'),
(611, '8', '124'),
(612, '9', '124'),
(613, '14', '124'),
(614, '13', '124'),
(615, '6', '124'),
(616, '11', '124'),
(617, '1', '103'),
(618, '3', '103'),
(619, '5', '103'),
(620, '7', '103'),
(621, '15', '103'),
(622, '8', '103'),
(623, '9', '103'),
(624, '14', '103'),
(625, '13', '103'),
(626, '6', '103'),
(627, '11', '103'),
(628, '1', '75'),
(629, '3', '75'),
(630, '5', '75'),
(631, '7', '75'),
(632, '15', '75'),
(633, '8', '75'),
(634, '9', '75'),
(635, '14', '75'),
(636, '13', '75'),
(637, '12', '75'),
(638, '11', '75'),
(639, '1', '91'),
(640, '3', '91'),
(641, '5', '91'),
(642, '7', '91'),
(643, '15', '91'),
(644, '8', '91'),
(645, '9', '91'),
(646, '14', '91'),
(647, '13', '91'),
(648, '12', '91'),
(649, '11', '91'),
(650, '1', '85'),
(651, '3', '85'),
(652, '5', '85'),
(653, '7', '85'),
(654, '15', '85'),
(655, '8', '85'),
(656, '9', '85'),
(657, '14', '85'),
(658, '13', '85'),
(659, '12', '85'),
(660, '11', '85'),
(661, '1', '81'),
(662, '3', '81'),
(663, '5', '81'),
(664, '7', '81'),
(665, '15', '81'),
(666, '8', '81'),
(667, '9', '81'),
(668, '10', '81'),
(669, '13', '81'),
(670, '6', '81'),
(671, '11', '81'),
(672, '1', '320'),
(673, '3', '320'),
(674, '5', '320'),
(675, '7', '320'),
(676, '15', '320'),
(677, '8', '320'),
(678, '9', '320'),
(679, '14', '320'),
(680, '13', '320'),
(681, '17', '320'),
(682, '11', '320'),
(683, '1', '97'),
(684, '3', '97'),
(685, '5', '97'),
(686, '', '97'),
(687, '15', '97'),
(688, '8', '97'),
(689, '9', '97'),
(690, '14', '97'),
(691, '13', '97'),
(692, '12', '97'),
(693, '11', '97'),
(694, '1', '108'),
(695, '3', '108'),
(696, '5', '108'),
(697, '7', '108'),
(698, '15', '108'),
(699, '8', '108'),
(700, '9', '108'),
(701, '10', '108'),
(702, '13', '108'),
(703, '12', '108'),
(704, '11', '108'),
(705, '1', '118'),
(706, '3', '118'),
(707, '5', '118'),
(708, '7', '118'),
(709, '15', '118'),
(710, '8', '118'),
(711, '9', '118'),
(712, '14', '118'),
(713, '13', '118'),
(714, '12', '118'),
(715, '11', '118'),
(716, '1', '321'),
(717, '3', '321'),
(718, '5', '321'),
(719, '7', '321'),
(720, '15', '321'),
(721, '8', '321'),
(722, '9', '321'),
(723, '14', '321'),
(724, '13', '321'),
(725, '17', '321'),
(726, '11', '321'),
(727, '1', '330'),
(728, '3', '330'),
(729, '5', '330'),
(730, '7', '330'),
(731, '15', '330'),
(732, '', '330'),
(733, '9', '330'),
(734, '14', '330'),
(735, '13', '330'),
(736, '17', '330'),
(737, '11', '330'),
(738, '1', '351'),
(739, '3', '351'),
(740, '5', '351'),
(741, '7', '351'),
(742, '15', '351'),
(743, '8', '351'),
(744, '9', '351'),
(745, '14', '351'),
(746, '13', '351'),
(747, '17', '351'),
(748, '11', '351'),
(749, '1', '314'),
(750, '3', '314'),
(751, '4', '314'),
(752, '7', '314'),
(753, '15', '314'),
(754, '8', '314'),
(755, '9', '314'),
(756, '14', '314'),
(757, '13', '314'),
(758, '17', '314'),
(759, '11', '314'),
(760, '1', '350'),
(761, '3', '350'),
(762, '4', '350'),
(763, '16', '350'),
(764, '15', '350'),
(765, '8', '350'),
(766, '9', '350'),
(767, '14', '350'),
(768, '13', '350'),
(769, '17', '350'),
(770, '11', '350'),
(771, '1', '352'),
(772, '3', '352'),
(773, '4', '352'),
(774, '7', '352'),
(775, '15', '352'),
(776, '8', '352'),
(777, '9', '352'),
(778, '14', '352'),
(779, '13', '352'),
(780, '17', '352'),
(781, '11', '352'),
(782, '1', '323'),
(783, '3', '323'),
(784, '4', '323'),
(785, '7', '323'),
(786, '15', '323'),
(787, '8', '323'),
(788, '9', '323'),
(789, '14', '323'),
(790, '13', '323'),
(791, '17', '323'),
(792, '11', '323'),
(793, '1', '337'),
(794, '3', '337'),
(795, '4', '337'),
(796, '7', '337'),
(797, '15', '337'),
(798, '8', '337'),
(799, '9', '337'),
(800, '14', '337'),
(801, '13', '337'),
(802, '17', '337'),
(803, '11', '337'),
(804, '1', '354'),
(805, '3', '354'),
(806, '4', '354'),
(807, '', '354'),
(808, '15', '354'),
(809, '8', '354'),
(810, '9', '354'),
(811, '14', '354'),
(812, '13', '354'),
(813, '17', '354'),
(814, '11', '354'),
(815, '2', '122'),
(816, '3', '122'),
(817, '5', '122'),
(818, '16', '122'),
(819, '15', '122'),
(820, '8', '122'),
(821, '9', '122'),
(822, '10', '122'),
(823, '13', '122'),
(824, '12', '122'),
(825, '11', '122'),
(826, '1', '336'),
(827, '3', '336'),
(828, '5', '336'),
(829, '7', '336'),
(830, '15', '336'),
(831, '8', '336'),
(832, '9', '336'),
(833, '14', '336'),
(834, '13', '336'),
(835, '17', '336'),
(836, '11', '336'),
(837, '1', '324'),
(838, '3', '324'),
(839, '5', '324'),
(840, '1', '120'),
(841, '7', '324'),
(842, '3', '120'),
(843, '15', '324'),
(844, '5', '120'),
(845, '8', '324'),
(846, '16', '120'),
(847, '9', '324'),
(848, '15', '120'),
(849, '14', '324'),
(850, '8', '120'),
(851, '13', '324'),
(852, '9', '120'),
(853, '17', '324'),
(854, '10', '120'),
(855, '11', '324'),
(856, '13', '120'),
(857, '12', '120'),
(858, '11', '120'),
(859, '1', '335'),
(860, '3', '335'),
(861, '4', '335'),
(862, '16', '335'),
(863, '15', '335'),
(864, '8', '335'),
(865, '9', '335'),
(866, '14', '335'),
(867, '13', '335'),
(868, '17', '335'),
(869, '11', '335'),
(870, '1', '356'),
(871, '3', '356'),
(872, '4', '356'),
(873, '16', '356'),
(874, '15', '356'),
(875, '8', '356'),
(876, '9', '356'),
(877, '14', '356'),
(878, '13', '356'),
(879, '17', '356'),
(880, '11', '356'),
(881, '2', '145'),
(882, '3', '145'),
(883, '4', '145'),
(884, '16', '145'),
(885, '15', '145'),
(886, '8', '145'),
(887, '9', '145'),
(888, '10', '145'),
(889, '13', '145'),
(890, '6', '145'),
(891, '11', '145'),
(892, '1', '346'),
(893, '3', '346'),
(894, '4', '346'),
(895, '16', '346'),
(896, '', '346'),
(897, '8', '346'),
(898, '9', '346'),
(899, '14', '346'),
(900, '', '346'),
(901, '17', '346'),
(902, '11', '346'),
(903, '2', '290'),
(904, '3', '290'),
(905, '5', '290'),
(906, '16', '290'),
(907, '15', '290'),
(908, '8', '290'),
(909, '9', '290'),
(910, '10', '290'),
(911, '13', '290'),
(912, '6', '290'),
(913, '11', '290'),
(914, '2', '292'),
(915, '3', '292'),
(916, '5', '292'),
(917, '16', '292'),
(918, '15', '292'),
(919, '8', '292'),
(920, '9', '292'),
(921, '10', '292'),
(922, '13', '292'),
(923, '6', '292'),
(924, '11', '292'),
(925, '2', '286'),
(926, '3', '286'),
(927, '5', '286'),
(928, '16', '286'),
(929, '15', '286'),
(930, '8', '286'),
(931, '9', '286'),
(932, '10', '286'),
(933, '13', '286'),
(934, '6', '286'),
(935, '11', '286'),
(936, '1', '360'),
(937, '3', '360'),
(938, '4', '360'),
(939, '7', '360'),
(940, '15', '360'),
(941, '8', '360'),
(942, '9', '360'),
(943, '14', '360'),
(944, '13', '360'),
(945, '17', '360'),
(946, '11', '360'),
(947, '1', '315'),
(948, '3', '315'),
(949, '5', '315'),
(950, '7', '315'),
(951, '15', '315'),
(952, '8', '315'),
(953, '9', '315'),
(954, '14', '315'),
(955, '13', '315'),
(956, '17', '315'),
(957, '11', '315'),
(958, '1', '328'),
(959, '3', '328'),
(960, '5', '328'),
(961, '7', '328'),
(962, '15', '328'),
(963, '8', '328'),
(964, '9', '328'),
(965, '14', '328'),
(966, '13', '328'),
(967, '17', '328'),
(968, '11', '328'),
(969, '1', '344'),
(970, '3', '344'),
(971, '4', '344'),
(972, '7', '344'),
(973, '15', '344'),
(974, '8', '344'),
(975, '9', '344'),
(976, '14', '344'),
(977, '13', '344'),
(978, '17', '344'),
(979, '11', '344'),
(980, '2', '295'),
(981, '3', '295'),
(982, '5', '295'),
(983, '16', '295'),
(984, '15', '295'),
(985, '8', '295'),
(986, '9', '295'),
(987, '14', '295'),
(988, '13', '295'),
(989, '6', '295'),
(990, '11', '295'),
(991, '2', '303'),
(992, '', '303'),
(993, '5', '303'),
(994, '7', '303'),
(995, '15', '303'),
(996, '8', '303'),
(997, '9', '303'),
(998, '10', '303'),
(999, '13', '303'),
(1000, '6', '303'),
(1001, '11', '303'),
(1002, '', '342'),
(1003, '', '342'),
(1004, '4', '342'),
(1005, '', '342'),
(1006, '', '342'),
(1007, '8', '342'),
(1008, '9', '342'),
(1009, '14', '342'),
(1010, '', '342'),
(1011, '', '342'),
(1012, '', '342'),
(1013, '2', '312'),
(1014, '3', '312'),
(1015, '5', '312'),
(1016, '16', '312'),
(1017, '', '312'),
(1018, '', '312'),
(1019, '9', '312'),
(1020, '14', '312'),
(1021, '', '312'),
(1022, '17', '312'),
(1023, '', '312'),
(1024, '1', '322'),
(1025, '3', '322'),
(1026, '4', '322'),
(1027, '7', '322'),
(1028, '15', '322'),
(1029, '8', '322'),
(1030, '9', '322'),
(1031, '14', '322'),
(1032, '13', '322'),
(1033, '17', '322'),
(1034, '11', '322'),
(1035, '2', '305'),
(1036, '3', '305'),
(1037, '5', '305'),
(1038, '16', '305'),
(1039, '15', '305'),
(1040, '8', '305'),
(1041, '9', '305'),
(1042, '10', '305'),
(1043, '13', '305'),
(1044, '6', '305'),
(1045, '11', '305'),
(1046, '2', '134'),
(1047, '3', '134'),
(1048, '5', '134'),
(1049, '7', '134'),
(1050, '15', '134'),
(1051, '8', '134'),
(1052, '9', '134'),
(1053, '10', '134'),
(1054, '13', '134'),
(1055, '6', '134'),
(1056, '11', '134'),
(1057, '1', '343'),
(1058, '3', '343'),
(1059, '4', '343'),
(1060, '7', '343'),
(1061, '15', '343'),
(1062, '8', '343'),
(1063, '9', '343'),
(1064, '14', '343'),
(1065, '13', '343'),
(1066, '17', '343'),
(1067, '11', '343'),
(1068, '2', '298'),
(1069, '', '298'),
(1070, '5', '298'),
(1071, '16', '298'),
(1072, '15', '298'),
(1073, '8', '298'),
(1074, '9', '298'),
(1075, '10', '298'),
(1076, '13', '298'),
(1077, '6', '298'),
(1078, '11', '298'),
(1079, '2', '327'),
(1080, '3', '327'),
(1081, '5', '327'),
(1082, '16', '327'),
(1083, '15', '327'),
(1084, '8', '327'),
(1085, '9', '327'),
(1086, '14', '327'),
(1087, '13', '327'),
(1088, '12', '327'),
(1089, '11', '327'),
(1090, '1', '348'),
(1091, '', '348'),
(1092, '4', '348'),
(1093, '7', '348'),
(1094, '', '348'),
(1095, '', '348'),
(1096, '', '348'),
(1097, '14', '348'),
(1098, '', '348'),
(1099, '', '348'),
(1100, '', '348'),
(1101, '2', '144'),
(1102, '3', '144'),
(1103, '5', '144'),
(1104, '7', '144'),
(1105, '15', '144'),
(1106, '8', '144'),
(1107, '9', '144'),
(1108, '14', '144'),
(1109, '13', '144'),
(1110, '17', '144'),
(1111, '11', '144'),
(1112, '1', '333'),
(1113, '3', '333'),
(1114, '5', '333'),
(1115, '7', '333'),
(1116, '15', '333'),
(1117, '8', '333'),
(1118, '9', '333'),
(1119, '14', '333'),
(1120, '13', '333'),
(1121, '17', '333'),
(1122, '11', '333'),
(1123, '1', '317'),
(1124, '3', '317'),
(1125, '4', '317'),
(1126, '7', '317'),
(1127, '15', '317'),
(1128, '8', '317'),
(1129, '9', '317'),
(1130, '14', '317'),
(1131, '13', '317'),
(1132, '17', '317'),
(1133, '11', '317'),
(1134, '1', '316'),
(1135, '3', '316'),
(1136, '5', '316'),
(1137, '16', '316'),
(1138, '15', '316'),
(1139, '8', '316'),
(1140, '1', '310'),
(1141, '9', '316'),
(1142, '3', '310'),
(1143, '14', '316'),
(1144, '5', '310'),
(1145, '13', '316'),
(1146, '16', '310'),
(1147, '17', '316'),
(1148, '15', '310'),
(1149, '11', '316'),
(1150, '8', '310'),
(1151, '9', '310'),
(1152, '14', '310'),
(1153, '', '310'),
(1154, '17', '310'),
(1155, '11', '310'),
(1156, '2', '313'),
(1157, '3', '313'),
(1158, '5', '313'),
(1159, '16', '313'),
(1160, '15', '313'),
(1161, '8', '313'),
(1162, '9', '313'),
(1163, '14', '313'),
(1164, '13', '313'),
(1165, '17', '313'),
(1166, '', '313'),
(1167, '2', '332'),
(1168, '3', '332'),
(1169, '4', '332'),
(1170, '16', '332'),
(1171, '15', '332'),
(1172, '8', '332'),
(1173, '9', '332'),
(1174, '14', '332'),
(1175, '13', '332'),
(1176, '17', '332'),
(1177, '11', '332'),
(1178, '2', '325'),
(1179, '3', '325'),
(1180, '4', '325'),
(1181, '16', '325'),
(1182, '15', '325'),
(1183, '8', '325'),
(1184, '9', '325'),
(1185, '14', '325'),
(1186, '13', '325'),
(1187, '17', '325'),
(1188, '11', '325'),
(1189, '1', '82'),
(1190, '3', '82'),
(1191, '5', '82'),
(1192, '7', '82'),
(1193, '15', '82'),
(1194, '8', '82'),
(1195, '', '82'),
(1196, '14', '82'),
(1197, '13', '82'),
(1198, '17', '82'),
(1199, '', '82'),
(1200, '2', '355'),
(1201, '3', '355'),
(1202, '4', '355'),
(1203, '16', '355'),
(1204, '15', '355'),
(1205, '8', '355'),
(1206, '9', '355'),
(1207, '14', '355'),
(1208, '13', '355'),
(1209, '17', '355'),
(1210, '11', '355'),
(1211, '1', '318'),
(1212, '3', '318'),
(1213, '5', '318'),
(1214, '16', '318'),
(1215, '15', '318'),
(1216, '8', '318'),
(1217, '9', '318'),
(1218, '10', '318'),
(1219, '13', '318'),
(1220, '17', '318'),
(1221, '11', '318'),
(1222, '1', '311'),
(1223, '3', '311'),
(1224, '4', '311'),
(1225, '16', '311'),
(1226, '15', '311'),
(1227, '8', '311'),
(1228, '9', '311'),
(1229, '14', '311'),
(1230, '13', '311'),
(1231, '17', '311'),
(1232, '11', '311'),
(1233, '2', '113'),
(1234, '3', '113'),
(1235, '5', '113'),
(1236, '16', '113'),
(1237, '15', '113'),
(1238, '8', '113'),
(1239, '9', '113'),
(1240, '14', '113'),
(1241, '13', '113'),
(1242, '6', '113'),
(1243, '11', '113'),
(1244, '2', '331'),
(1245, '', '331'),
(1246, '5', '331'),
(1247, '16', '331'),
(1248, '', '331'),
(1249, '', '331'),
(1250, '', '331'),
(1251, '10', '331'),
(1252, '', '331'),
(1253, '17', '331'),
(1254, '', '331'),
(1255, '2', '156'),
(1256, '3', '156'),
(1257, '5', '156'),
(1258, '16', '156'),
(1259, '15', '156'),
(1260, '8', '156'),
(1261, '9', '156'),
(1262, '14', '156'),
(1263, '13', '156'),
(1264, '6', '156'),
(1265, '11', '156'),
(1266, '2', '123'),
(1267, '3', '123'),
(1268, '5', '123'),
(1269, '7', '123'),
(1270, '15', '123'),
(1271, '8', '123'),
(1272, '9', '123'),
(1273, '10', '123'),
(1274, '13', '123'),
(1275, '6', '123'),
(1276, '11', '123'),
(1277, '2', '111'),
(1278, '3', '111'),
(1279, '5', '111'),
(1280, '7', '111'),
(1281, '15', '111'),
(1282, '8', '111'),
(1283, '9', '111'),
(1284, '14', '111'),
(1285, '13', '111'),
(1286, '12', '111'),
(1287, '11', '111'),
(1288, '1', '341'),
(1289, '3', '341'),
(1290, '4', '341'),
(1291, '7', '341'),
(1292, '15', '341'),
(1293, '8', '341'),
(1294, '9', '341'),
(1295, '10', '341'),
(1296, '13', '341'),
(1297, '12', '341'),
(1298, '11', '341'),
(1299, '1', '121'),
(1300, '3', '121'),
(1301, '5', '121'),
(1302, '16', '121'),
(1303, '1', '100'),
(1304, '15', '121'),
(1305, '3', '100'),
(1306, '8', '121'),
(1307, '5', '100'),
(1308, '9', '121'),
(1309, '16', '100'),
(1310, '10', '121'),
(1311, '15', '100'),
(1312, '13', '121'),
(1313, '8', '100'),
(1314, '6', '121'),
(1315, '9', '100'),
(1316, '11', '121'),
(1317, '14', '100'),
(1318, '1', '358'),
(1319, '13', '100'),
(1320, '3', '358'),
(1321, '6', '100'),
(1322, '4', '358'),
(1323, '11', '100'),
(1324, '16', '358'),
(1325, '15', '358'),
(1326, '8', '358'),
(1327, '9', '358'),
(1328, '10', '358'),
(1329, '13', '358'),
(1330, '17', '358'),
(1331, '11', '358'),
(1332, '1', '329'),
(1333, '3', '329'),
(1334, '4', '329'),
(1335, '7', '329'),
(1336, '15', '329'),
(1337, '8', '329'),
(1338, '9', '329'),
(1339, '14', '329'),
(1340, '13', '329'),
(1341, '17', '329'),
(1342, '11', '329'),
(1343, '2', '376'),
(1344, '3', '376'),
(1345, '5', '376'),
(1346, '16', '376'),
(1347, '15', '376'),
(1348, '8', '376'),
(1349, '9', '376'),
(1350, '10', '376'),
(1351, '13', '376'),
(1352, '17', '376'),
(1353, '11', '376'),
(1354, '2', '109'),
(1355, '', '109'),
(1356, '5', '109'),
(1357, '7', '109'),
(1358, '15', '109'),
(1359, '8', '109'),
(1360, '', '109'),
(1361, '10', '109'),
(1362, '13', '109'),
(1363, '6', '109'),
(1364, '11', '109'),
(1365, '2', '357'),
(1366, '3', '357'),
(1367, '5', '357'),
(1368, '7', '357'),
(1369, '15', '357'),
(1370, '8', '357'),
(1371, '9', '357'),
(1372, '14', '357'),
(1373, '13', '357'),
(1374, '17', '357'),
(1375, '11', '357'),
(1376, '2', '357'),
(1377, '3', '357'),
(1378, '5', '357'),
(1379, '7', '357'),
(1380, '15', '357'),
(1381, '8', '357'),
(1382, '9', '357'),
(1383, '14', '357'),
(1384, '13', '357'),
(1385, '17', '357'),
(1386, '11', '357'),
(1387, '2', '326'),
(1388, '', '326'),
(1389, '4', '326'),
(1390, '16', '326'),
(1391, '', '326'),
(1392, '', '326'),
(1393, '', '326'),
(1394, '14', '326'),
(1395, '', '326'),
(1396, '17', '326'),
(1397, '', '326'),
(1398, '2', '186'),
(1399, '', '186'),
(1400, '5', '186'),
(1401, '16', '186'),
(1402, '15', '186'),
(1403, '8', '186'),
(1404, '9', '186'),
(1405, '14', '186'),
(1406, '13', '186'),
(1407, '6', '186'),
(1408, '11', '186'),
(1409, '1', '319'),
(1410, '3', '319'),
(1411, '5', '319'),
(1412, '7', '319'),
(1413, '15', '319'),
(1414, '8', '319'),
(1415, '9', '319'),
(1416, '14', '319'),
(1417, '13', '319'),
(1418, '17', '319'),
(1419, '11', '319'),
(1420, '1', '359'),
(1421, '3', '359'),
(1422, '5', '359'),
(1423, '7', '359'),
(1424, '15', '359'),
(1425, '8', '359'),
(1426, '9', '359'),
(1427, '14', '359'),
(1428, '13', '359'),
(1429, '17', '359'),
(1430, '11', '359'),
(1431, '1', '369'),
(1432, '', '369'),
(1433, '5', '369'),
(1434, '7', '369'),
(1435, '15', '369'),
(1436, '8', '369'),
(1437, '9', '369'),
(1438, '14', '369'),
(1439, '13', '369'),
(1440, '17', '369'),
(1441, '11', '369'),
(1442, '1', '148'),
(1443, '3', '148'),
(1444, '5', '148'),
(1445, '7', '148'),
(1446, '15', '148'),
(1447, '8', '148'),
(1448, '9', '148'),
(1449, '14', '148'),
(1450, '13', '148'),
(1451, '17', '148'),
(1452, '11', '148'),
(1453, '2', '284'),
(1454, '3', '284'),
(1455, '5', '284'),
(1456, '16', '284'),
(1457, '15', '284'),
(1458, '8', '284'),
(1459, '9', '284'),
(1460, '10', '284'),
(1461, '13', '284'),
(1462, '17', '284'),
(1463, '11', '284'),
(1464, '2', '127'),
(1465, '3', '127'),
(1466, '5', '127'),
(1467, '16', '127'),
(1468, '15', '127'),
(1469, '8', '127'),
(1470, '9', '127'),
(1471, '10', '127'),
(1472, '13', '127'),
(1473, '6', '127'),
(1474, '11', '127'),
(1475, '2', '288'),
(1476, '3', '288'),
(1477, '5', '288'),
(1478, '16', '288'),
(1479, '15', '288'),
(1480, '8', '288'),
(1481, '9', '288'),
(1482, '10', '288'),
(1483, '13', '288'),
(1484, '6', '288'),
(1485, '11', '288'),
(1486, '2', '133'),
(1487, '3', '133'),
(1488, '5', '133'),
(1489, '16', '133'),
(1490, '15', '133'),
(1491, '8', '133'),
(1492, '9', '133'),
(1493, '10', '133'),
(1494, '13', '133'),
(1495, '6', '133'),
(1496, '11', '133'),
(1497, '', '189'),
(1498, '3', '189'),
(1499, '5', '189'),
(1500, '16', '189'),
(1501, '15', '189'),
(1502, '', '189'),
(1503, '9', '189'),
(1504, '10', '189'),
(1505, '13', '189'),
(1506, '6', '189'),
(1507, '11', '189'),
(1508, '', '149'),
(1509, '3', '149'),
(1510, '5', '149'),
(1511, '16', '149'),
(1512, '15', '149'),
(1513, '8', '149'),
(1514, '9', '149'),
(1515, '10', '149'),
(1516, '13', '149'),
(1517, '6', '149'),
(1518, '11', '149'),
(1519, '2', '171'),
(1520, '3', '171'),
(1521, '5', '171'),
(1522, '16', '171'),
(1523, '15', '171'),
(1524, '8', '171'),
(1525, '9', '171'),
(1526, '10', '171'),
(1527, '13', '171'),
(1528, '6', '171'),
(1529, '11', '171'),
(1530, '1', '146'),
(1531, '3', '146'),
(1532, '5', '146'),
(1533, '16', '146'),
(1534, '15', '146'),
(1535, '8', '146'),
(1536, '9', '146'),
(1537, '10', '146'),
(1538, '13', '146'),
(1539, '6', '146'),
(1540, '11', '146'),
(1541, '2', '153'),
(1542, '3', '153'),
(1543, '5', '153'),
(1544, '16', '153'),
(1545, '15', '153'),
(1546, '8', '153'),
(1547, '9', '153'),
(1548, '10', '153'),
(1549, '', '153'),
(1550, '6', '153'),
(1551, '11', '153'),
(1552, '2', '129'),
(1553, '', '129'),
(1554, '5', '129'),
(1555, '16', '129'),
(1556, '15', '129'),
(1557, '', '129'),
(1558, '', '129'),
(1559, '10', '129'),
(1560, '', '129'),
(1561, '6', '129'),
(1562, '', '129'),
(1563, '1', '165'),
(1564, '3', '165'),
(1565, '5', '165'),
(1566, '16', '165'),
(1567, '15', '165'),
(1568, '8', '165'),
(1569, '9', '165'),
(1570, '10', '165'),
(1571, '13', '165'),
(1572, '6', '165'),
(1573, '11', '165'),
(1574, '2', '135'),
(1575, '', '135'),
(1576, '5', '135'),
(1577, '16', '135'),
(1578, '15', '135'),
(1579, '', '135'),
(1580, '9', '135'),
(1581, '10', '135'),
(1582, '', '135'),
(1583, '6', '135'),
(1584, '11', '135'),
(1585, '1', '137'),
(1586, '3', '137'),
(1587, '5', '137'),
(1588, '16', '137'),
(1589, '15', '137'),
(1590, '8', '137'),
(1591, '9', '137'),
(1592, '10', '137'),
(1593, '13', '137'),
(1594, '6', '137'),
(1595, '11', '137'),
(1596, '1', '125'),
(1597, '', '125'),
(1598, '4', '125'),
(1599, '', '125'),
(1600, '15', '125'),
(1601, '8', '125'),
(1602, '9', '125'),
(1603, '14', '125'),
(1604, '13', '125'),
(1605, '17', '125'),
(1606, '11', '125'),
(1607, '2', '192'),
(1608, '3', '192'),
(1609, '5', '192'),
(1610, '16', '192'),
(1611, '15', '192'),
(1612, '', '192'),
(1613, '9', '192'),
(1614, '10', '192'),
(1615, '13', '192'),
(1616, '17', '192'),
(1617, '11', '192'),
(1618, '2', '177'),
(1619, '3', '177'),
(1620, '5', '177'),
(1621, '16', '177'),
(1622, '15', '177'),
(1623, '', '177'),
(1624, '9', '177'),
(1625, '10', '177'),
(1626, '13', '177'),
(1627, '17', '177'),
(1628, '11', '177'),
(1629, '1', '179'),
(1630, '3', '179'),
(1631, '5', '179'),
(1632, '16', '179'),
(1633, '15', '179'),
(1634, '8', '179'),
(1635, '9', '179'),
(1636, '10', '179'),
(1637, '13', '179'),
(1638, '6', '179'),
(1639, '11', '179'),
(1640, '1', '183'),
(1641, '3', '183'),
(1642, '5', '183'),
(1643, '16', '183'),
(1644, '15', '183'),
(1645, '8', '183'),
(1646, '9', '183'),
(1647, '10', '183'),
(1648, '13', '183'),
(1649, '6', '183'),
(1650, '11', '183'),
(1651, '2', '141'),
(1652, '3', '141'),
(1653, '5', '141'),
(1654, '16', '141'),
(1655, '15', '141'),
(1656, '8', '141'),
(1657, '9', '141'),
(1658, '10', '141'),
(1659, '', '141'),
(1660, '6', '141'),
(1661, '11', '141'),
(1662, '1', '168'),
(1663, '3', '168'),
(1664, '5', '168'),
(1665, '16', '168'),
(1666, '15', '168'),
(1667, '8', '168'),
(1668, '9', '168'),
(1669, '10', '168'),
(1670, '13', '168'),
(1671, '6', '168'),
(1672, '11', '168'),
(1673, '1', '197'),
(1674, '3', '197'),
(1675, '4', '197'),
(1676, '7', '197'),
(1677, '15', '197'),
(1678, '8', '197'),
(1679, '9', '197'),
(1680, '10', '197'),
(1681, '13', '197'),
(1682, '12', '197'),
(1683, '11', '197'),
(1684, '2', '155'),
(1685, '', '155'),
(1686, '5', '155'),
(1687, '16', '155'),
(1688, '15', '155'),
(1689, '8', '155'),
(1690, '9', '155'),
(1691, '10', '155'),
(1692, '13', '155'),
(1693, '6', '155'),
(1694, '11', '155'),
(1695, '1', '147'),
(1696, '3', '147'),
(1697, '4', '147'),
(1698, '7', '147'),
(1699, '15', '147'),
(1700, '8', '147'),
(1701, '9', '147'),
(1702, '10', '147'),
(1703, '13', '147'),
(1704, '12', '147'),
(1705, '11', '147'),
(1706, '2', '152'),
(1707, '3', '152'),
(1708, '5', '152'),
(1709, '16', '152'),
(1710, '15', '152'),
(1711, '8', '152'),
(1712, '', '152'),
(1713, '10', '152'),
(1714, '', '152'),
(1715, '6', '152'),
(1716, '', '152'),
(1717, '', '131'),
(1718, '3', '131'),
(1719, '', '131'),
(1720, '16', '131'),
(1721, '15', '131'),
(1722, '', '131'),
(1723, '9', '131'),
(1724, '10', '131'),
(1725, '', '131'),
(1726, '', '131'),
(1727, '', '131'),
(1728, '2', '180'),
(1729, '3', '180'),
(1730, '5', '180'),
(1731, '16', '180'),
(1732, '15', '180'),
(1733, '8', '180'),
(1734, '9', '180'),
(1735, '10', '180'),
(1736, '', '180'),
(1737, '12', '180'),
(1738, '11', '180'),
(1739, '2', '296'),
(1740, '3', '296'),
(1741, '5', '296'),
(1742, '16', '296'),
(1743, '15', '296'),
(1744, '8', '296'),
(1745, '9', '296'),
(1746, '10', '296'),
(1747, '13', '296'),
(1748, '6', '296'),
(1749, '11', '296'),
(1750, '2', '157'),
(1751, '3', '157'),
(1752, '5', '157'),
(1753, '16', '157'),
(1754, '15', '157'),
(1755, '8', '157'),
(1756, '9', '157'),
(1757, '10', '157'),
(1758, '13', '157'),
(1759, '6', '157'),
(1760, '11', '157'),
(1761, '2', '164'),
(1762, '3', '164'),
(1763, '5', '164'),
(1764, '', '164'),
(1765, '15', '164'),
(1766, '', '164'),
(1767, '9', '164'),
(1768, '10', '164'),
(1769, '', '164'),
(1770, '6', '164'),
(1771, '11', '164'),
(1772, '2', '196'),
(1773, '', '196'),
(1774, '5', '196'),
(1775, '16', '196'),
(1776, '15', '196'),
(1777, '', '196'),
(1778, '9', '196'),
(1779, '10', '196'),
(1780, '13', '196'),
(1781, '6', '196'),
(1782, '11', '196'),
(1783, '1', '150'),
(1784, '3', '150'),
(1785, '5', '150'),
(1786, '7', '150'),
(1787, '15', '150'),
(1788, '8', '150'),
(1789, '9', '150'),
(1790, '14', '150'),
(1791, '', '150'),
(1792, '6', '150'),
(1793, '', '150'),
(1794, '2', '178'),
(1795, '3', '178'),
(1796, '5', '178'),
(1797, '16', '178'),
(1798, '15', '178'),
(1799, '8', '178'),
(1800, '9', '178'),
(1801, '10', '178'),
(1802, '13', '178'),
(1803, '6', '178'),
(1804, '11', '178'),
(1805, '2', '166'),
(1806, '3', '166'),
(1807, '5', '166'),
(1808, '16', '166'),
(1809, '15', '166'),
(1810, '8', '166'),
(1811, '9', '166'),
(1812, '10', '166'),
(1813, '13', '166'),
(1814, '6', '166'),
(1815, '11', '166'),
(1816, '1', '154'),
(1817, '3', '154'),
(1818, '5', '154'),
(1819, '7', '154'),
(1820, '15', '154'),
(1821, '8', '154'),
(1822, '9', '154'),
(1823, '14', '154'),
(1824, '13', '154'),
(1825, '6', '154'),
(1826, '11', '154'),
(1827, '2', '159'),
(1828, '3', '159'),
(1829, '5', '159'),
(1830, '7', '159'),
(1831, '15', '159'),
(1832, '8', '159'),
(1833, '9', '159'),
(1834, '10', '159'),
(1835, '13', '159'),
(1836, '6', '159'),
(1837, '11', '159'),
(1838, '2', '158'),
(1839, '3', '158'),
(1840, '5', '158'),
(1841, '7', '158'),
(1842, '15', '158'),
(1843, '8', '158'),
(1844, '9', '158'),
(1845, '10', '158'),
(1846, '13', '158'),
(1847, '6', '158'),
(1848, '11', '158'),
(1849, '1', '383'),
(1850, '3', '383'),
(1851, '4', '383'),
(1852, '7', '383'),
(1853, '15', '383'),
(1854, '8', '383'),
(1855, '9', '383'),
(1856, '14', '383'),
(1857, '13', '383'),
(1858, '17', '383'),
(1859, '11', '383'),
(1860, '2', '142'),
(1861, '3', '142'),
(1862, '5', '142'),
(1863, '16', '142'),
(1864, '15', '142'),
(1865, '8', '142'),
(1866, '9', '142'),
(1867, '10', '142'),
(1868, '13', '142'),
(1869, '6', '142'),
(1870, '11', '142'),
(1871, '1', '173'),
(1872, '3', '173'),
(1873, '5', '173'),
(1874, '7', '173'),
(1875, '15', '173'),
(1876, '8', '173'),
(1877, '9', '173'),
(1878, '10', '173'),
(1879, '13', '173'),
(1880, '6', '173'),
(1881, '11', '173'),
(1882, '2', '379'),
(1883, '3', '379'),
(1884, '5', '379'),
(1885, '7', '379'),
(1886, '', '379'),
(1887, '8', '379'),
(1888, '9', '379'),
(1889, '14', '379'),
(1890, '13', '379'),
(1891, '12', '379'),
(1892, '11', '379'),
(1893, '', '366'),
(1894, '3', '366'),
(1895, '5', '366'),
(1896, '7', '366'),
(1897, '', '366'),
(1898, '8', '366'),
(1899, '9', '366'),
(1900, '14', '366'),
(1901, '13', '366'),
(1902, '17', '366'),
(1903, '11', '366'),
(1904, '2', '382'),
(1905, '', '382'),
(1906, '4', '382'),
(1907, '16', '382'),
(1908, '15', '382'),
(1909, '', '382'),
(1910, '9', '382'),
(1911, '14', '382'),
(1912, '', '382'),
(1913, '12', '382'),
(1914, '', '382'),
(1915, '1', '364'),
(1916, '3', '364'),
(1917, '4', '364'),
(1918, '7', '364'),
(1919, '15', '364'),
(1920, '8', '364'),
(1921, '9', '364'),
(1922, '10', '364'),
(1923, '13', '364'),
(1924, '17', '364'),
(1925, '11', '364'),
(1926, '1', '371'),
(1927, '3', '371'),
(1928, '5', '371'),
(1929, '7', '371'),
(1930, '15', '371'),
(1931, '8', '371'),
(1932, '9', '371'),
(1933, '10', '371'),
(1934, '13', '371'),
(1935, '17', '371'),
(1936, '11', '371'),
(1937, '1', '367'),
(1938, '3', '367'),
(1939, '4', '367'),
(1940, '7', '367'),
(1941, '15', '367'),
(1942, '8', '367'),
(1943, '9', '367'),
(1944, '14', '367'),
(1945, '13', '367'),
(1946, '17', '367'),
(1947, '11', '367'),
(1948, '1', '365'),
(1949, '3', '365'),
(1950, '4', '365'),
(1951, '7', '365'),
(1952, '', '365'),
(1953, '8', '365'),
(1954, '9', '365'),
(1955, '14', '365'),
(1956, '13', '365'),
(1957, '17', '365'),
(1958, '11', '365'),
(1959, '2', '381'),
(1960, '3', '381'),
(1961, '5', '381'),
(1962, '16', '381'),
(1963, '', '381'),
(1964, '', '381'),
(1965, '', '381'),
(1966, '', '381'),
(1967, '', '381'),
(1968, '', '381'),
(1969, '', '381'),
(1970, '2', '136'),
(1971, '', '136'),
(1972, '5', '136'),
(1973, '', '136'),
(1974, '15', '136'),
(1975, '8', '136'),
(1976, '9', '136'),
(1977, '10', '136'),
(1978, '13', '136'),
(1979, '6', '136'),
(1980, '11', '136'),
(1981, '1', '293'),
(1982, '', '293'),
(1983, '5', '293'),
(1984, '', '293'),
(1985, '15', '293'),
(1986, '8', '293'),
(1987, '', '293'),
(1988, '10', '293'),
(1989, '13', '293'),
(1990, '6', '293'),
(1991, '', '293'),
(1992, '1', '160'),
(1993, '3', '160'),
(1994, '4', '160'),
(1995, '7', '160'),
(1996, '15', '160'),
(1997, '8', '160'),
(1998, '9', '160'),
(1999, '10', '160'),
(2000, '13', '160'),
(2001, '6', '160'),
(2002, '11', '160'),
(2003, '1', '361'),
(2004, '3', '361'),
(2005, '4', '361'),
(2006, '7', '361'),
(2007, '15', '361'),
(2008, '8', '361'),
(2009, '9', '361'),
(2010, '14', '361'),
(2011, '13', '361'),
(2012, '17', '361'),
(2013, '11', '361'),
(2014, '2', '363'),
(2015, '3', '363'),
(2016, '5', '363'),
(2017, '16', '363'),
(2018, '15', '363'),
(2019, '8', '363'),
(2020, '9', '363'),
(2021, '14', '363'),
(2022, '13', '363'),
(2023, '17', '363'),
(2024, '11', '363'),
(2025, '2', '370'),
(2026, '3', '370'),
(2027, '5', '370'),
(2028, '16', '370'),
(2029, '15', '370'),
(2030, '8', '370'),
(2031, '9', '370'),
(2032, '10', '370'),
(2033, '', '370'),
(2034, '12', '370'),
(2035, '11', '370'),
(2036, '1', '140'),
(2037, '3', '140'),
(2038, '4', '140'),
(2039, '7', '140'),
(2040, '15', '140'),
(2041, '8', '140'),
(2042, '9', '140'),
(2043, '14', '140'),
(2044, '13', '140'),
(2045, '12', '140'),
(2046, '11', '140'),
(2047, '1', '372'),
(2048, '3', '372'),
(2049, '', '372'),
(2050, '7', '372'),
(2051, '15', '372'),
(2052, '8', '372'),
(2053, '', '372'),
(2054, '', '372'),
(2055, '13', '372'),
(2056, '', '372'),
(2057, '', '372'),
(2058, '2', '193'),
(2059, '3', '193'),
(2060, '5', '193'),
(2061, '16', '193'),
(2062, '15', '193'),
(2063, '8', '193'),
(2064, '9', '193'),
(2065, '10', '193'),
(2066, '', '193'),
(2067, '6', '193'),
(2068, '11', '193'),
(2069, '2', '193'),
(2070, '3', '193'),
(2071, '5', '193'),
(2072, '16', '193'),
(2073, '15', '193'),
(2074, '8', '193'),
(2075, '9', '193'),
(2076, '10', '193'),
(2077, '', '193'),
(2078, '6', '193'),
(2079, '11', '193'),
(2080, '2', '307'),
(2081, '', '307'),
(2082, '5', '307'),
(2083, '16', '307'),
(2084, '15', '307'),
(2085, '8', '307'),
(2086, '9', '307'),
(2087, '10', '307'),
(2088, '13', '307'),
(2089, '6', '307'),
(2090, '11', '307'),
(2091, '1', '194'),
(2092, '3', '194'),
(2093, '5', '194'),
(2094, '7', '194'),
(2095, '15', '194'),
(2096, '8', '194'),
(2097, '9', '194'),
(2098, '14', '194'),
(2099, '13', '194'),
(2100, '6', '194'),
(2101, '11', '194'),
(2102, '2', '187'),
(2103, '3', '187'),
(2104, '5', '187'),
(2105, '16', '187'),
(2106, '15', '187'),
(2107, '8', '187'),
(2108, '9', '187'),
(2109, '10', '187'),
(2110, '13', '187'),
(2111, '6', '187'),
(2112, '11', '187'),
(2113, '2', '182'),
(2114, '3', '182'),
(2115, '5', '182'),
(2116, '16', '182'),
(2117, '15', '182'),
(2118, '8', '182'),
(2119, '9', '182'),
(2120, '10', '182'),
(2121, '13', '182'),
(2122, '6', '182'),
(2123, '11', '182'),
(2124, '2', '299'),
(2125, '3', '299'),
(2126, '5', '299'),
(2127, '16', '299'),
(2128, '15', '299'),
(2129, '8', '299'),
(2130, '9', '299'),
(2131, '10', '299'),
(2132, '13', '299'),
(2133, '6', '299'),
(2134, '11', '299'),
(2135, '1', '195'),
(2136, '3', '195'),
(2137, '5', '195'),
(2138, '16', '195'),
(2139, '15', '195'),
(2140, '8', '195'),
(2141, '9', '195'),
(2142, '10', '195'),
(2143, '13', '195'),
(2144, '6', '195'),
(2145, '11', '195'),
(2146, '2', '128'),
(2147, '3', '128'),
(2148, '5', '128'),
(2149, '7', '128'),
(2150, '15', '128'),
(2151, '8', '128'),
(2152, '9', '128'),
(2153, '10', '128'),
(2154, '13', '128'),
(2155, '6', '128'),
(2156, '11', '128'),
(2157, '1', '130'),
(2158, '3', '130'),
(2159, '4', '130'),
(2160, '7', '130'),
(2161, '15', '130'),
(2162, '8', '130'),
(2163, '9', '130'),
(2164, '10', '130'),
(2165, '13', '130'),
(2166, '6', '130'),
(2167, '11', '130'),
(2168, '1', '368'),
(2169, '3', '368'),
(2170, '5', '368'),
(2171, '7', '368'),
(2172, '15', '368'),
(2173, '8', '368'),
(2174, '9', '368'),
(2175, '14', '368'),
(2176, '13', '368'),
(2177, '17', '368'),
(2178, '11', '368'),
(2179, '2', '126'),
(2180, '3', '126'),
(2181, '5', '126'),
(2182, '16', '126'),
(2183, '15', '126'),
(2184, '8', '126'),
(2185, '9', '126'),
(2186, '10', '126'),
(2187, '13', '126'),
(2188, '6', '126'),
(2189, '11', '126'),
(2190, '2', '126'),
(2191, '3', '126'),
(2192, '5', '126'),
(2193, '16', '126'),
(2194, '15', '126'),
(2195, '8', '126'),
(2196, '9', '126'),
(2197, '10', '126'),
(2198, '13', '126'),
(2199, '6', '126'),
(2200, '11', '126'),
(2201, '2', '151'),
(2202, '3', '151'),
(2203, '5', '151'),
(2204, '16', '151'),
(2205, '15', '151'),
(2206, '8', '151'),
(2207, '9', '151'),
(2208, '10', '151'),
(2209, '13', '151'),
(2210, '6', '151'),
(2211, '11', '151'),
(2212, '1', '306'),
(2213, '3', '306'),
(2214, '5', '306'),
(2215, '7', '306'),
(2216, '15', '306'),
(2217, '8', '306'),
(2218, '9', '306'),
(2219, '14', '306'),
(2220, '13', '306'),
(2221, '12', '306'),
(2222, '11', '306'),
(2223, '1', '191'),
(2224, '3', '191'),
(2225, '5', '191'),
(2226, '16', '191'),
(2227, '15', '191'),
(2228, '8', '191'),
(2229, '9', '191'),
(2230, '10', '191'),
(2231, '13', '191'),
(2232, '6', '191'),
(2233, '11', '191'),
(2234, '2', '297'),
(2235, '3', '297'),
(2236, '5', '297'),
(2237, '7', '297'),
(2238, '15', '297'),
(2239, '8', '297'),
(2240, '9', '297'),
(2241, '10', '297'),
(2242, '13', '297'),
(2243, '6', '297'),
(2244, '11', '297'),
(2245, '2', '301'),
(2246, '3', '301'),
(2247, '5', '301'),
(2248, '16', '301'),
(2249, '15', '301'),
(2250, '8', '301'),
(2251, '9', '301'),
(2252, '10', '301'),
(2253, '13', '301'),
(2254, '6', '301'),
(2255, '11', '301'),
(2256, '2', '139'),
(2257, '3', '139'),
(2258, '5', '139'),
(2259, '16', '139'),
(2260, '15', '139'),
(2261, '8', '139'),
(2262, '9', '139'),
(2263, '10', '139'),
(2264, '13', '139'),
(2265, '6', '139'),
(2266, '11', '139'),
(2267, '1', '362'),
(2268, '3', '362'),
(2269, '5', '362'),
(2270, '7', '362'),
(2271, '15', '362'),
(2272, '8', '362'),
(2273, '9', '362'),
(2274, '14', '362'),
(2275, '13', '362'),
(2276, '17', '362'),
(2277, '11', '362'),
(2278, '2', '285'),
(2279, '3', '285'),
(2280, '5', '285'),
(2281, '16', '285'),
(2282, '15', '285'),
(2283, '8', '285'),
(2284, '9', '285'),
(2285, '10', '285'),
(2286, '13', '285'),
(2287, '6', '285'),
(2288, '11', '285'),
(2289, '2', '304'),
(2290, '3', '304'),
(2291, '5', '304'),
(2292, '7', '304'),
(2293, '15', '304'),
(2294, '8', '304'),
(2295, '9', '304'),
(2296, '10', '304'),
(2297, '13', '304'),
(2298, '6', '304'),
(2299, '11', '304'),
(2300, '1', '294'),
(2301, '3', '294'),
(2302, '5', '294'),
(2303, '7', '294'),
(2304, '15', '294'),
(2305, '8', '294'),
(2306, '9', '294'),
(2307, '10', '294'),
(2308, '13', '294'),
(2309, '6', '294'),
(2310, '11', '294'),
(2311, '1', '181'),
(2312, '3', '181'),
(2313, '4', '181'),
(2314, '7', '181'),
(2315, '15', '181'),
(2316, '8', '181'),
(2317, '9', '181'),
(2318, '1', '176'),
(2319, '10', '181'),
(2320, '3', '176'),
(2321, '13', '181'),
(2322, '5', '176'),
(2323, '12', '181'),
(2324, '7', '176'),
(2325, '11', '181'),
(2326, '15', '176'),
(2327, '8', '176'),
(2328, '9', '176'),
(2329, '10', '176'),
(2330, '13', '176'),
(2331, '6', '176'),
(2332, '11', '176'),
(2333, '2', '289'),
(2334, '3', '289'),
(2335, '5', '289'),
(2336, '16', '289'),
(2337, '15', '289'),
(2338, '8', '289'),
(2339, '9', '289'),
(2340, '10', '289'),
(2341, '', '289'),
(2342, '6', '289'),
(2343, '11', '289'),
(2344, '1', '169'),
(2345, '3', '169'),
(2346, '5', '169'),
(2347, '16', '169'),
(2348, '15', '169'),
(2349, '8', '169'),
(2350, '9', '169'),
(2351, '10', '169'),
(2352, '13', '169'),
(2353, '6', '169'),
(2354, '11', '169'),
(2355, '1', '378'),
(2356, '3', '378'),
(2357, '5', '378'),
(2358, '7', '378'),
(2359, '15', '378'),
(2360, '8', '378'),
(2361, '9', '378'),
(2362, '14', '378'),
(2363, '13', '378'),
(2364, '17', '378'),
(2365, '11', '378'),
(2366, '2', '138'),
(2367, '3', '138'),
(2368, '5', '138'),
(2369, '16', '138'),
(2370, '15', '138'),
(2371, '8', '138'),
(2372, '9', '138'),
(2373, '10', '138'),
(2374, '13', '138'),
(2375, '6', '138'),
(2376, '11', '138'),
(2377, '2', '184'),
(2378, '3', '184'),
(2379, '5', '184'),
(2380, '16', '184'),
(2381, '15', '184'),
(2382, '8', '184'),
(2383, '9', '184'),
(2384, '10', '184'),
(2385, '13', '184'),
(2386, '6', '184'),
(2387, '11', '184'),
(2388, '1', '172'),
(2389, '3', '172'),
(2390, '5', '172'),
(2391, '16', '172'),
(2392, '15', '172'),
(2393, '', '172'),
(2394, '9', '172'),
(2395, '10', '172'),
(2396, '13', '172'),
(2397, '6', '172'),
(2398, '11', '172'),
(2399, '1', '375'),
(2400, '3', '375'),
(2401, '4', '375'),
(2402, '16', '375'),
(2403, '15', '375'),
(2404, '8', '375'),
(2405, '9', '375'),
(2406, '14', '375'),
(2407, '13', '375'),
(2408, '17', '375'),
(2409, '11', '375'),
(2410, '1', '229'),
(2411, '3', '229'),
(2412, '4', '229'),
(2413, '7', '229'),
(2414, '15', '229'),
(2415, '8', '229'),
(2416, '9', '229'),
(2417, '10', '229'),
(2418, '13', '229'),
(2419, '12', '229'),
(2420, '11', '229'),
(2421, '2', '228'),
(2422, '3', '228'),
(2423, '4', '228'),
(2424, '7', '228'),
(2425, '15', '228'),
(2426, '8', '228'),
(2427, '9', '228'),
(2428, '14', '228'),
(2429, '13', '228'),
(2430, '17', '228'),
(2431, '11', '228'),
(2432, '2', '214'),
(2433, '3', '214'),
(2434, '4', '214'),
(2435, '7', '214'),
(2436, '15', '214'),
(2437, '8', '214'),
(2438, '9', '214'),
(2439, '14', '214'),
(2440, '13', '214'),
(2441, '17', '214'),
(2442, '', '214'),
(2443, '2', '232'),
(2444, '3', '232'),
(2445, '4', '232'),
(2446, '7', '232'),
(2447, '15', '232'),
(2448, '8', '232'),
(2449, '9', '232'),
(2450, '14', '232'),
(2451, '13', '232'),
(2452, '12', '232'),
(2453, '11', '232'),
(2454, '1', '167'),
(2455, '3', '167'),
(2456, '5', '167'),
(2457, '16', '167'),
(2458, '15', '167'),
(2459, '8', '167'),
(2460, '9', '167'),
(2461, '10', '167'),
(2462, '13', '167'),
(2463, '6', '167'),
(2464, '11', '167'),
(2465, '', '235'),
(2466, '', '235'),
(2467, '', '235'),
(2468, '', '235'),
(2469, '', '235'),
(2470, '', '235'),
(2471, '', '235'),
(2472, '', '235'),
(2473, '', '235'),
(2474, '', '235'),
(2475, '11', '235'),
(2476, '1', '309'),
(2477, '3', '309'),
(2478, '5', '309'),
(2479, '7', '309'),
(2480, '15', '309'),
(2481, '8', '309'),
(2482, '9', '309'),
(2483, '10', '309'),
(2484, '13', '309'),
(2485, '17', '309'),
(2486, '11', '309'),
(2487, '1', '339'),
(2488, '3', '339'),
(2489, '5', '339'),
(2490, '7', '339'),
(2491, '15', '339'),
(2492, '8', '339'),
(2493, '9', '339'),
(2494, '14', '339'),
(2495, '13', '339'),
(2496, '17', '339'),
(2497, '11', '339'),
(2498, '2', '300'),
(2499, '3', '300'),
(2500, '5', '300'),
(2501, '16', '300'),
(2502, '15', '300'),
(2503, '8', '300'),
(2504, '9', '300'),
(2505, '10', '300'),
(2506, '13', '300'),
(2507, '6', '300'),
(2508, '11', '300'),
(2509, '1', '132'),
(2510, '3', '132'),
(2511, '4', '132'),
(2512, '7', '132'),
(2513, '15', '132'),
(2514, '8', '132'),
(2515, '9', '132'),
(2516, '14', '132'),
(2517, '13', '132'),
(2518, '6', '132'),
(2519, '11', '132'),
(2520, '1', '387'),
(2521, '3', '387'),
(2522, '4', '387'),
(2523, '7', '387'),
(2524, '15', '387'),
(2525, '8', '387'),
(2526, '9', '387'),
(2527, '14', '387'),
(2528, '13', '387'),
(2529, '17', '387'),
(2530, '11', '387'),
(2531, '1', '225'),
(2532, '3', '225'),
(2533, '5', '225'),
(2534, '7', '225'),
(2535, '', '225'),
(2536, '', '225'),
(2537, '', '225'),
(2538, '14', '225'),
(2539, '', '225'),
(2540, '12', '225'),
(2541, '11', '225'),
(2542, '1', '254'),
(2543, '3', '254'),
(2544, '', '254'),
(2545, '7', '254'),
(2546, '15', '254'),
(2547, '8', '254'),
(2548, '9', '254'),
(2549, '14', '254'),
(2550, '13', '254'),
(2551, '12', '254'),
(2552, '11', '254'),
(2553, '1', '236'),
(2554, '3', '236'),
(2555, '4', '236'),
(2556, '7', '236'),
(2557, '15', '236'),
(2558, '8', '236'),
(2559, '9', '236'),
(2560, '14', '236'),
(2561, '13', '236'),
(2562, '12', '236'),
(2563, '11', '236'),
(2564, '1', '345'),
(2565, '3', '345'),
(2566, '', '345'),
(2567, '7', '345'),
(2568, '', '345'),
(2569, '8', '345'),
(2570, '9', '345'),
(2571, '14', '345'),
(2572, '13', '345'),
(2573, '17', '345'),
(2574, '11', '345'),
(2575, '1', '104'),
(2576, '3', '104'),
(2577, '5', '104'),
(2578, '7', '104'),
(2579, '15', '104'),
(2580, '8', '104'),
(2581, '9', '104'),
(2582, '10', '104'),
(2583, '13', '104'),
(2584, '6', '104'),
(2585, '11', '104'),
(2586, '1', '227'),
(2587, '3', '227'),
(2588, '4', '227'),
(2589, '7', '227'),
(2590, '15', '227'),
(2591, '8', '227'),
(2592, '9', '227'),
(2593, '10', '227'),
(2594, '13', '227'),
(2595, '12', '227'),
(2596, '11', '227'),
(2597, '1', '277'),
(2598, '3', '277'),
(2599, '4', '277'),
(2600, '7', '277'),
(2601, '15', '277'),
(2602, '8', '277'),
(2603, '9', '277'),
(2604, '14', '277'),
(2605, '13', '277'),
(2606, '12', '277'),
(2607, '11', '277'),
(2608, '1', '34'),
(2609, '3', '34'),
(2610, '4', '34'),
(2611, '7', '34'),
(2612, '15', '34'),
(2613, '8', '34'),
(2614, '', '34'),
(2615, '', '34'),
(2616, '13', '34'),
(2617, '12', '34'),
(2618, '11', '34'),
(2619, '1', '37'),
(2620, '3', '37'),
(2621, '4', '37'),
(2622, '7', '37'),
(2623, '15', '37'),
(2624, '8', '37'),
(2625, '9', '37'),
(2626, '10', '37'),
(2627, '13', '37'),
(2628, '6', '37'),
(2629, '11', '37'),
(2630, '1', '347'),
(2631, '3', '347'),
(2632, '5', '347'),
(2633, '7', '347'),
(2634, '15', '347'),
(2635, '8', '347'),
(2636, '9', '347'),
(2637, '14', '347'),
(2638, '13', '347'),
(2639, '17', '347'),
(2640, '11', '347'),
(2641, '1', '49'),
(2642, '3', '49'),
(2643, '', '49'),
(2644, '7', '49'),
(2645, '15', '49'),
(2646, '8', '49'),
(2647, '9', '49'),
(2648, '10', '49'),
(2649, '13', '49'),
(2650, '6', '49'),
(2651, '11', '49'),
(2652, '2', '40'),
(2653, '3', '40'),
(2654, '5', '40'),
(2655, '7', '40'),
(2656, '15', '40'),
(2657, '8', '40'),
(2658, '9', '40'),
(2659, '10', '40'),
(2660, '13', '40'),
(2661, '6', '40'),
(2662, '11', '40'),
(2663, '1', '45'),
(2664, '3', '45'),
(2665, '5', '45'),
(2666, '7', '45'),
(2667, '15', '45'),
(2668, '8', '45'),
(2669, '9', '45'),
(2670, '10', '45'),
(2671, '13', '45'),
(2672, '12', '45'),
(2673, '11', '45'),
(2674, '1', '61'),
(2675, '3', '61'),
(2676, '5', '61'),
(2677, '7', '61'),
(2678, '15', '61'),
(2679, '8', '61'),
(2680, '9', '61'),
(2681, '10', '61'),
(2682, '13', '61'),
(2683, '6', '61'),
(2684, '11', '61'),
(2685, '1', '61'),
(2686, '3', '61'),
(2687, '5', '61'),
(2688, '7', '61'),
(2689, '15', '61'),
(2690, '8', '61'),
(2691, '9', '61'),
(2692, '10', '61'),
(2693, '13', '61'),
(2694, '6', '61'),
(2695, '11', '61'),
(2696, '2', '60'),
(2697, '3', '60'),
(2698, '5', '60'),
(2699, '7', '60'),
(2700, '15', '60'),
(2701, '8', '60'),
(2702, '9', '60'),
(2703, '10', '60'),
(2704, '13', '60'),
(2705, '6', '60'),
(2706, '11', '60'),
(2707, '1', '46'),
(2708, '3', '46'),
(2709, '4', '46'),
(2710, '7', '46'),
(2711, '15', '46'),
(2712, '8', '46'),
(2713, '9', '46'),
(2714, '14', '46'),
(2715, '13', '46'),
(2716, '12', '46'),
(2717, '11', '46'),
(2718, '1', '52'),
(2719, '3', '52'),
(2720, '4', '52'),
(2721, '16', '52'),
(2722, '15', '52'),
(2723, '8', '52'),
(2724, '9', '52'),
(2725, '10', '52'),
(2726, '13', '52'),
(2727, '6', '52'),
(2728, '11', '52'),
(2729, '1', '57'),
(2730, '3', '57'),
(2731, '5', '57'),
(2732, '7', '57'),
(2733, '15', '57'),
(2734, '8', '57'),
(2735, '9', '57'),
(2736, '10', '57'),
(2737, '13', '57'),
(2738, '12', '57'),
(2739, '11', '57'),
(2740, '1', '50'),
(2741, '3', '50'),
(2742, '4', '50'),
(2743, '7', '50'),
(2744, '15', '50'),
(2745, '8', '50'),
(2746, '9', '50'),
(2747, '14', '50'),
(2748, '13', '50'),
(2749, '12', '50'),
(2750, '11', '50'),
(2751, '2', '58'),
(2752, '3', '58'),
(2753, '5', '58'),
(2754, '7', '58'),
(2755, '15', '58'),
(2756, '8', '58'),
(2757, '9', '58'),
(2758, '14', '58'),
(2759, '13', '58'),
(2760, '6', '58'),
(2761, '11', '58'),
(2762, '1', '35'),
(2763, '3', '35'),
(2764, '5', '35'),
(2765, '7', '35'),
(2766, '15', '35'),
(2767, '8', '35'),
(2768, '9', '35'),
(2769, '10', '35'),
(2770, '13', '35'),
(2771, '6', '35'),
(2772, '11', '35'),
(2773, '2', '33'),
(2774, '3', '33'),
(2775, '5', '33'),
(2776, '7', '33'),
(2777, '15', '33'),
(2778, '8', '33'),
(2779, '9', '33'),
(2780, '14', '33'),
(2781, '13', '33'),
(2782, '6', '33'),
(2783, '', '33'),
(2784, '1', '53'),
(2785, '3', '53'),
(2786, '5', '53'),
(2787, '7', '53'),
(2788, '15', '53'),
(2789, '8', '53'),
(2790, '9', '53'),
(2791, '10', '53'),
(2792, '13', '53'),
(2793, '6', '53'),
(2794, '11', '53'),
(2795, '1', '42'),
(2796, '3', '42'),
(2797, '5', '42'),
(2798, '7', '42'),
(2799, '15', '42'),
(2800, '8', '42'),
(2801, '9', '42'),
(2802, '14', '42'),
(2803, '13', '42'),
(2804, '12', '42'),
(2805, '11', '42'),
(2806, '1', '174'),
(2807, '3', '174'),
(2808, '5', '174'),
(2809, '7', '174'),
(2810, '15', '174'),
(2811, '8', '174'),
(2812, '9', '174'),
(2813, '10', '174'),
(2814, '13', '174'),
(2815, '12', '174'),
(2816, '11', '174'),
(2817, '1', '41'),
(2818, '3', '41'),
(2819, '5', '41'),
(2820, '7', '41'),
(2821, '15', '41'),
(2822, '8', '41'),
(2823, '9', '41'),
(2824, '10', '41'),
(2825, '13', '41'),
(2826, '12', '41'),
(2827, '11', '41'),
(2828, '2', '28'),
(2829, '3', '28'),
(2830, '5', '28'),
(2831, '2', '7'),
(2832, '7', '28'),
(2833, '3', '7'),
(2834, '15', '28'),
(2835, '5', '7'),
(2836, '8', '28');
INSERT INTO `votes` (`vote_id`, `candidate_id`, `voters_id`) VALUES
(2837, '7', '7'),
(2838, '9', '28'),
(2839, '15', '7'),
(2840, '14', '28'),
(2841, '8', '7'),
(2842, '13', '28'),
(2843, '9', '7'),
(2844, '12', '28'),
(2845, '14', '7'),
(2846, '11', '28'),
(2847, '13', '7'),
(2848, '6', '7'),
(2849, '11', '7'),
(2850, '2', '2'),
(2851, '3', '2'),
(2852, '5', '2'),
(2853, '7', '2'),
(2854, '15', '2'),
(2855, '8', '2'),
(2856, '9', '2'),
(2857, '14', '2'),
(2858, '13', '2'),
(2859, '6', '2'),
(2860, '11', '2'),
(2861, '1', '29'),
(2862, '3', '29'),
(2863, '5', '29'),
(2864, '7', '29'),
(2865, '15', '29'),
(2866, '8', '29'),
(2867, '9', '29'),
(2868, '14', '29'),
(2869, '13', '29'),
(2870, '6', '29'),
(2871, '11', '29'),
(2872, '1', '349'),
(2873, '3', '349'),
(2874, '', '349'),
(2875, '', '349'),
(2876, '', '349'),
(2877, '8', '349'),
(2878, '9', '349'),
(2879, '14', '349'),
(2880, '1', '353'),
(2881, '13', '349'),
(2882, '3', '353'),
(2883, '17', '349'),
(2884, '5', '353'),
(2885, '', '349'),
(2886, '7', '353'),
(2887, '', '353'),
(2888, '8', '353'),
(2889, '9', '353'),
(2890, '14', '353'),
(2891, '13', '353'),
(2892, '17', '353'),
(2893, '11', '353'),
(2894, '2', '15'),
(2895, '3', '15'),
(2896, '5', '15'),
(2897, '7', '15'),
(2898, '15', '15'),
(2899, '8', '15'),
(2900, '9', '15'),
(2901, '10', '15'),
(2902, '13', '15'),
(2903, '6', '15'),
(2904, '11', '15'),
(2905, '', '239'),
(2906, '', '239'),
(2907, '4', '239'),
(2908, '', '239'),
(2909, '', '239'),
(2910, '', '239'),
(2911, '', '239'),
(2912, '', '239'),
(2913, '', '239'),
(2914, '', '239'),
(2915, '11', '239'),
(2916, '2', '24'),
(2917, '3', '24'),
(2918, '5', '24'),
(2919, '7', '24'),
(2920, '15', '24'),
(2921, '8', '24'),
(2922, '9', '24'),
(2923, '10', '24'),
(2924, '13', '24'),
(2925, '17', '24'),
(2926, '11', '24'),
(2927, '2', '19'),
(2928, '3', '19'),
(2929, '5', '19'),
(2930, '7', '19'),
(2931, '15', '19'),
(2932, '8', '19'),
(2933, '9', '19'),
(2934, '14', '19'),
(2935, '13', '19'),
(2936, '6', '19'),
(2937, '11', '19'),
(2938, '1', '18'),
(2939, '3', '18'),
(2940, '5', '18'),
(2941, '7', '18'),
(2942, '', '18'),
(2943, '', '18'),
(2944, '9', '18'),
(2945, '10', '18'),
(2946, '', '18'),
(2947, '6', '18'),
(2948, '11', '18'),
(2949, '2', '21'),
(2950, '3', '21'),
(2951, '5', '21'),
(2952, '7', '21'),
(2953, '15', '21'),
(2954, '8', '21'),
(2955, '9', '21'),
(2956, '10', '21'),
(2957, '13', '21'),
(2958, '6', '21'),
(2959, '11', '21'),
(2960, '1', '59'),
(2961, '3', '59'),
(2962, '4', '59'),
(2963, '7', '59'),
(2964, '15', '59'),
(2965, '8', '59'),
(2966, '9', '59'),
(2967, '10', '59'),
(2968, '13', '59'),
(2969, '12', '59'),
(2970, '11', '59'),
(2971, '1', '175'),
(2972, '3', '175'),
(2973, '5', '175'),
(2974, '7', '175'),
(2975, '15', '175'),
(2976, '8', '175'),
(2977, '9', '175'),
(2978, '10', '175'),
(2979, '13', '175'),
(2980, '12', '175'),
(2981, '11', '175'),
(2982, '2', '12'),
(2983, '3', '12'),
(2984, '5', '12'),
(2985, '7', '12'),
(2986, '15', '12'),
(2987, '8', '12'),
(2988, '9', '12'),
(2989, '14', '12'),
(2990, '13', '12'),
(2991, '6', '12'),
(2992, '11', '12'),
(2993, '', '201'),
(2994, '', '201'),
(2995, '5', '201'),
(2996, '', '201'),
(2997, '', '201'),
(2998, '', '201'),
(2999, '9', '201'),
(3000, '', '201'),
(3001, '', '201'),
(3002, '12', '201'),
(3003, '11', '201'),
(3004, '1', '43'),
(3005, '3', '43'),
(3006, '4', '43'),
(3007, '16', '43'),
(3008, '15', '43'),
(3009, '8', '43'),
(3010, '9', '43'),
(3011, '10', '43'),
(3012, '13', '43'),
(3013, '12', '43'),
(3014, '11', '43'),
(3015, '1', '38'),
(3016, '3', '38'),
(3017, '5', '38'),
(3018, '7', '38'),
(3019, '15', '38'),
(3020, '8', '38'),
(3021, '9', '38'),
(3022, '10', '38'),
(3023, '13', '38'),
(3024, '6', '38'),
(3025, '11', '38'),
(3026, '2', '23'),
(3027, '3', '23'),
(3028, '5', '23'),
(3029, '7', '23'),
(3030, '15', '23'),
(3031, '8', '23'),
(3032, '9', '23'),
(3033, '14', '23'),
(3034, '13', '23'),
(3035, '6', '23'),
(3036, '11', '23'),
(3037, '2', '5'),
(3038, '3', '5'),
(3039, '5', '5'),
(3040, '7', '5'),
(3041, '15', '5'),
(3042, '8', '5'),
(3043, '9', '5'),
(3044, '14', '5'),
(3045, '13', '5'),
(3046, '6', '5'),
(3047, '11', '5'),
(3048, '1', '20'),
(3049, '3', '20'),
(3050, '5', '20'),
(3051, '7', '20'),
(3052, '15', '20'),
(3053, '8', '20'),
(3054, '9', '20'),
(3055, '14', '20'),
(3056, '13', '20'),
(3057, '12', '20'),
(3058, '11', '20'),
(3059, '2', '27'),
(3060, '3', '27'),
(3061, '4', '27'),
(3062, '7', '27'),
(3063, '15', '27'),
(3064, '8', '27'),
(3065, '9', '27'),
(3066, '10', '27'),
(3067, '13', '27'),
(3068, '6', '27'),
(3069, '11', '27'),
(3070, '1', '56'),
(3071, '3', '56'),
(3072, '4', '56'),
(3073, '7', '56'),
(3074, '15', '56'),
(3075, '8', '56'),
(3076, '9', '56'),
(3077, '10', '56'),
(3078, '13', '56'),
(3079, '12', '56'),
(3080, '11', '56'),
(3081, '1', '4'),
(3082, '3', '4'),
(3083, '5', '4'),
(3084, '7', '4'),
(3085, '15', '4'),
(3086, '8', '4'),
(3087, '9', '4'),
(3088, '14', '4'),
(3089, '13', '4'),
(3090, '6', '4'),
(3091, '11', '4'),
(3092, '2', '10'),
(3093, '3', '10'),
(3094, '5', '10'),
(3095, '7', '10'),
(3096, '15', '10'),
(3097, '8', '10'),
(3098, '9', '10'),
(3099, '10', '10'),
(3100, '13', '10'),
(3101, '17', '10'),
(3102, '11', '10'),
(3103, '2', '1'),
(3104, '', '1'),
(3105, '4', '1'),
(3106, '7', '1'),
(3107, '15', '1'),
(3108, '8', '1'),
(3109, '', '1'),
(3110, '10', '1'),
(3111, '13', '1'),
(3112, '17', '1'),
(3113, '11', '1'),
(3114, '2', '11'),
(3115, '3', '11'),
(3116, '5', '11'),
(3117, '16', '11'),
(3118, '15', '11'),
(3119, '8', '11'),
(3120, '9', '11'),
(3121, '10', '11'),
(3122, '13', '11'),
(3123, '17', '11'),
(3124, '11', '11'),
(3125, '2', '26'),
(3126, '3', '26'),
(3127, '4', '26'),
(3128, '7', '26'),
(3129, '15', '26'),
(3130, '8', '26'),
(3131, '9', '26'),
(3132, '14', '26'),
(3133, '13', '26'),
(3134, '17', '26'),
(3135, '11', '26'),
(3136, '2', '14'),
(3137, '3', '14'),
(3138, '5', '14'),
(3139, '7', '14'),
(3140, '15', '14'),
(3141, '8', '14'),
(3142, '9', '14'),
(3143, '10', '14'),
(3144, '13', '14'),
(3145, '12', '14'),
(3146, '11', '14'),
(3147, '2', '8'),
(3148, '3', '8'),
(3149, '5', '8'),
(3150, '7', '8'),
(3151, '15', '8'),
(3152, '8', '8'),
(3153, '9', '8'),
(3154, '10', '8'),
(3155, '13', '8'),
(3156, '6', '8'),
(3157, '11', '8'),
(3158, '2', '3'),
(3159, '3', '3'),
(3160, '5', '3'),
(3161, '7', '3'),
(3162, '15', '3'),
(3163, '8', '3'),
(3164, '9', '3'),
(3165, '14', '3'),
(3166, '13', '3'),
(3167, '6', '3'),
(3168, '11', '3'),
(3169, '2', '25'),
(3170, '3', '25'),
(3171, '5', '25'),
(3172, '7', '25'),
(3173, '15', '25'),
(3174, '8', '25'),
(3175, '9', '25'),
(3176, '10', '25'),
(3177, '13', '25'),
(3178, '6', '25'),
(3179, '11', '25'),
(3180, '1', '31'),
(3181, '3', '31'),
(3182, '5', '31'),
(3183, '7', '31'),
(3184, '15', '31'),
(3185, '8', '31'),
(3186, '9', '31'),
(3187, '14', '31'),
(3188, '13', '31'),
(3189, '12', '31'),
(3190, '11', '31'),
(3191, '1', '47'),
(3192, '3', '47'),
(3193, '5', '47'),
(3194, '7', '47'),
(3195, '15', '47'),
(3196, '8', '47'),
(3197, '9', '47'),
(3198, '14', '47'),
(3199, '13', '47'),
(3200, '6', '47'),
(3201, '11', '47'),
(3202, '2', '13'),
(3203, '', '13'),
(3204, '4', '13'),
(3205, '7', '13'),
(3206, '15', '13'),
(3207, '8', '13'),
(3208, '9', '13'),
(3209, '10', '13'),
(3210, '13', '13'),
(3211, '17', '13'),
(3212, '11', '13'),
(3213, '1', '22'),
(3214, '3', '22'),
(3215, '5', '22'),
(3216, '7', '22'),
(3217, '15', '22'),
(3218, '8', '22'),
(3219, '9', '22'),
(3220, '10', '22'),
(3221, '13', '22'),
(3222, '6', '22'),
(3223, '11', '22'),
(3224, '2', '39'),
(3225, '3', '39'),
(3226, '5', '39'),
(3227, '7', '39'),
(3228, '15', '39'),
(3229, '8', '39'),
(3230, '9', '39'),
(3231, '10', '39'),
(3232, '13', '39'),
(3233, '6', '39'),
(3234, '11', '39'),
(3235, '1', '6'),
(3236, '3', '6'),
(3237, '5', '6'),
(3238, '7', '6'),
(3239, '15', '6'),
(3240, '8', '6'),
(3241, '9', '6'),
(3242, '10', '6'),
(3243, '13', '6'),
(3244, '12', '6'),
(3245, '11', '6'),
(3246, '2', '36'),
(3247, '3', '36'),
(3248, '5', '36'),
(3249, '7', '36'),
(3250, '15', '36'),
(3251, '8', '36'),
(3252, '9', '36'),
(3253, '14', '36'),
(3254, '13', '36'),
(3255, '6', '36'),
(3256, '11', '36'),
(3257, '1', '338'),
(3258, '3', '338'),
(3259, '5', '338'),
(3260, '7', '338'),
(3261, '15', '338'),
(3262, '8', '338'),
(3263, '9', '338'),
(3264, '14', '338'),
(3265, '13', '338'),
(3266, '17', '338'),
(3267, '11', '338'),
(3268, '1', '334'),
(3269, '3', '334'),
(3270, '4', '334'),
(3271, '7', '334'),
(3272, '', '334'),
(3273, '8', '334'),
(3274, '9', '334'),
(3275, '14', '334'),
(3276, '13', '334'),
(3277, '17', '334'),
(3278, '11', '334'),
(3279, '1', '340'),
(3280, '3', '340'),
(3281, '5', '340'),
(3282, '7', '340'),
(3283, '15', '340'),
(3284, '8', '340'),
(3285, '9', '340'),
(3286, '14', '340'),
(3287, '13', '340'),
(3288, '17', '340'),
(3289, '11', '340'),
(3290, '1', '385'),
(3291, '3', '385'),
(3292, '5', '385'),
(3293, '7', '385'),
(3294, '15', '385'),
(3295, '8', '385'),
(3296, '9', '385'),
(3297, '14', '385'),
(3298, '13', '385'),
(3299, '17', '385'),
(3300, '11', '385'),
(3301, '1', '44'),
(3302, '3', '44'),
(3303, '5', '44'),
(3304, '7', '44'),
(3305, '15', '44'),
(3306, '8', '44'),
(3307, '9', '44'),
(3308, '10', '44'),
(3309, '13', '44'),
(3310, '6', '44'),
(3311, '11', '44'),
(3312, '1', '208'),
(3313, '3', '208'),
(3314, '4', '208'),
(3315, '7', '208'),
(3316, '15', '208'),
(3317, '8', '208'),
(3318, '9', '208'),
(3319, '14', '208'),
(3320, '13', '208'),
(3321, '12', '208'),
(3322, '11', '208'),
(3323, '1', '216'),
(3324, '3', '216'),
(3325, '4', '216'),
(3326, '16', '216'),
(3327, '15', '216'),
(3328, '8', '216'),
(3329, '9', '216'),
(3330, '10', '216'),
(3331, '13', '216'),
(3332, '12', '216'),
(3333, '11', '216'),
(3334, '1', '200'),
(3335, '3', '200'),
(3336, '4', '200'),
(3337, '16', '200'),
(3338, '15', '200'),
(3339, '8', '200'),
(3340, '9', '200'),
(3341, '10', '200'),
(3342, '13', '200'),
(3343, '12', '200'),
(3344, '11', '200'),
(3345, '1', '263'),
(3346, '3', '263'),
(3347, '5', '263'),
(3348, '7', '263'),
(3349, '15', '263'),
(3350, '8', '263'),
(3351, '9', '263'),
(3352, '14', '263'),
(3353, '13', '263'),
(3354, '12', '263'),
(3355, '11', '263'),
(3356, '1', '246'),
(3357, '3', '246'),
(3358, '4', '246'),
(3359, '7', '246'),
(3360, '15', '246'),
(3361, '8', '246'),
(3362, '9', '246'),
(3363, '14', '246'),
(3364, '13', '246'),
(3365, '12', '246'),
(3366, '11', '246'),
(3367, '1', '203'),
(3368, '3', '203'),
(3369, '5', '203'),
(3370, '7', '203'),
(3371, '15', '203'),
(3372, '8', '203'),
(3373, '9', '203'),
(3374, '14', '203'),
(3375, '13', '203'),
(3376, '17', '203'),
(3377, '11', '203'),
(3378, '2', '210'),
(3379, '3', '210'),
(3380, '5', '210'),
(3381, '16', '210'),
(3382, '', '210'),
(3383, '', '210'),
(3384, '', '210'),
(3385, '', '210'),
(3386, '', '210'),
(3387, '12', '210'),
(3388, '11', '210'),
(3389, '2', '161'),
(3390, '3', '161'),
(3391, '5', '161'),
(3392, '7', '161'),
(3393, '15', '161'),
(3394, '8', '161'),
(3395, '9', '161'),
(3396, '10', '161'),
(3397, '13', '161'),
(3398, '6', '161'),
(3399, '11', '161'),
(3400, '2', '265'),
(3401, '', '265'),
(3402, '5', '265'),
(3403, '16', '265'),
(3404, '', '265'),
(3405, '', '265'),
(3406, '9', '265'),
(3407, '10', '265'),
(3408, '', '265'),
(3409, '12', '265'),
(3410, '11', '265'),
(3411, '2', '231'),
(3412, '3', '231'),
(3413, '5', '231'),
(3414, '16', '231'),
(3415, '', '231'),
(3416, '8', '231'),
(3417, '9', '231'),
(3418, '10', '231'),
(3419, '13', '231'),
(3420, '12', '231'),
(3421, '11', '231'),
(3422, '2', '221'),
(3423, '3', '221'),
(3424, '5', '221'),
(3425, '16', '221'),
(3426, '15', '221'),
(3427, '8', '221'),
(3428, '9', '221'),
(3429, '14', '221'),
(3430, '13', '221'),
(3431, '12', '221'),
(3432, '11', '221'),
(3433, '1', '261'),
(3434, '3', '261'),
(3435, '4', '261'),
(3436, '7', '261'),
(3437, '15', '261'),
(3438, '8', '261'),
(3439, '9', '261'),
(3440, '14', '261'),
(3441, '13', '261'),
(3442, '12', '261'),
(3443, '11', '261'),
(3444, '', '198'),
(3445, '', '198'),
(3446, '', '198'),
(3447, '', '198'),
(3448, '', '198'),
(3449, '', '198'),
(3450, '', '198'),
(3451, '14', '198'),
(3452, '', '198'),
(3453, '12', '198'),
(3454, '11', '198'),
(3455, '1', '230'),
(3456, '3', '230'),
(3457, '5', '230'),
(3458, '7', '230'),
(3459, '15', '230'),
(3460, '8', '230'),
(3461, '9', '230'),
(3462, '14', '230'),
(3463, '13', '230'),
(3464, '12', '230'),
(3465, '11', '230'),
(3466, '2', '223'),
(3467, '3', '223'),
(3468, '5', '223'),
(3469, '7', '223'),
(3470, '15', '223'),
(3471, '8', '223'),
(3472, '9', '223'),
(3473, '14', '223'),
(3474, '13', '223'),
(3475, '12', '223'),
(3476, '11', '223'),
(3477, '2', '202'),
(3478, '', '202'),
(3479, '5', '202'),
(3480, '7', '202'),
(3481, '15', '202'),
(3482, '8', '202'),
(3483, '9', '202'),
(3484, '10', '202'),
(3485, '13', '202'),
(3486, '12', '202'),
(3487, '11', '202'),
(3488, '1', '222'),
(3489, '3', '222'),
(3490, '4', '222'),
(3491, '7', '222'),
(3492, '15', '222'),
(3493, '8', '222'),
(3494, '9', '222'),
(3495, '10', '222'),
(3496, '13', '222'),
(3497, '12', '222'),
(3498, '11', '222'),
(3499, '2', '269'),
(3500, '3', '269'),
(3501, '5', '269'),
(3502, '16', '269'),
(3503, '', '269'),
(3504, '', '269'),
(3505, '9', '269'),
(3506, '10', '269'),
(3507, '', '269'),
(3508, '12', '269'),
(3509, '11', '269'),
(3510, '1', '279'),
(3511, '', '279'),
(3512, '4', '279'),
(3513, '16', '279'),
(3514, '', '279'),
(3515, '', '279'),
(3516, '', '279'),
(3517, '14', '279'),
(3518, '', '279'),
(3519, '12', '279'),
(3520, '', '279'),
(3521, '1', '252'),
(3522, '3', '252'),
(3523, '4', '252'),
(3524, '16', '252'),
(3525, '15', '252'),
(3526, '', '252'),
(3527, '9', '252'),
(3528, '14', '252'),
(3529, '13', '252'),
(3530, '12', '252'),
(3531, '11', '252'),
(3532, '2', '217'),
(3533, '', '217'),
(3534, '5', '217'),
(3535, '16', '217'),
(3536, '15', '217'),
(3537, '8', '217'),
(3538, '9', '217'),
(3539, '10', '217'),
(3540, '13', '217'),
(3541, '12', '217'),
(3542, '11', '217'),
(3543, '1', '250'),
(3544, '3', '250'),
(3545, '4', '250'),
(3546, '7', '250'),
(3547, '15', '250'),
(3548, '8', '250'),
(3549, '9', '250'),
(3550, '10', '250'),
(3551, '13', '250'),
(3552, '12', '250'),
(3553, '11', '250'),
(3554, '1', '374'),
(3555, '3', '374'),
(3556, '4', '374'),
(3557, '7', '374'),
(3558, '15', '374'),
(3559, '8', '374'),
(3560, '9', '374'),
(3561, '14', '374'),
(3562, '13', '374'),
(3563, '17', '374'),
(3564, '11', '374'),
(3565, '1', '206'),
(3566, '', '206'),
(3567, '', '206'),
(3568, '', '206'),
(3569, '', '206'),
(3570, '8', '206'),
(3571, '', '206'),
(3572, '', '206'),
(3573, '13', '206'),
(3574, '12', '206'),
(3575, '11', '206'),
(3576, '1', '234'),
(3577, '', '234'),
(3578, '5', '234'),
(3579, '7', '234'),
(3580, '15', '234'),
(3581, '8', '234'),
(3582, '9', '234'),
(3583, '14', '234'),
(3584, '13', '234'),
(3585, '6', '234'),
(3586, '11', '234'),
(3587, '1', '256'),
(3588, '3', '256'),
(3589, '4', '256'),
(3590, '16', '256'),
(3591, '15', '256'),
(3592, '8', '256'),
(3593, '9', '256'),
(3594, '10', '256'),
(3595, '13', '256'),
(3596, '12', '256'),
(3597, '11', '256'),
(3598, '1', '219'),
(3599, '3', '219'),
(3600, '5', '219'),
(3601, '7', '219'),
(3602, '', '219'),
(3603, '', '219'),
(3604, '9', '219'),
(3605, '14', '219'),
(3606, '', '219'),
(3607, '12', '219'),
(3608, '11', '219'),
(3609, '1', '275'),
(3610, '', '275'),
(3611, '5', '275'),
(3612, '16', '275'),
(3613, '15', '275'),
(3614, '8', '275'),
(3615, '9', '275'),
(3616, '14', '275'),
(3617, '', '275'),
(3618, '12', '275'),
(3619, '11', '275'),
(3620, '1', '245'),
(3621, '3', '245'),
(3622, '5', '245'),
(3623, '', '245'),
(3624, '', '245'),
(3625, '', '245'),
(3626, '', '245'),
(3627, '14', '245'),
(3628, '', '245'),
(3629, '12', '245'),
(3630, '11', '245'),
(3631, '', '264'),
(3632, '', '264'),
(3633, '5', '264'),
(3634, '16', '264'),
(3635, '', '264'),
(3636, '', '264'),
(3637, '', '264'),
(3638, '', '264'),
(3639, '', '264'),
(3640, '12', '264'),
(3641, '11', '264'),
(3642, '1', '267'),
(3643, '3', '267'),
(3644, '5', '267'),
(3645, '7', '267'),
(3646, '15', '267'),
(3647, '8', '267'),
(3648, '9', '267'),
(3649, '14', '267'),
(3650, '13', '267'),
(3651, '12', '267'),
(3652, '11', '267'),
(3653, '2', '220'),
(3654, '', '220'),
(3655, '', '220'),
(3656, '16', '220'),
(3657, '', '220'),
(3658, '', '220'),
(3659, '', '220'),
(3660, '10', '220'),
(3661, '', '220'),
(3662, '12', '220'),
(3663, '11', '220'),
(3664, '1', '209'),
(3665, '3', '209'),
(3666, '5', '209'),
(3667, '7', '209'),
(3668, '', '209'),
(3669, '', '209'),
(3670, '', '209'),
(3671, '10', '209'),
(3672, '', '209'),
(3673, '12', '209'),
(3674, '11', '209'),
(3675, '2', '282'),
(3676, '', '282'),
(3677, '5', '282'),
(3678, '16', '282'),
(3679, '', '282'),
(3680, '', '282'),
(3681, '', '282'),
(3682, '10', '282'),
(3683, '', '282'),
(3684, '12', '282'),
(3685, '', '282'),
(3686, '1', '224'),
(3687, '', '224'),
(3688, '5', '224'),
(3689, '', '224'),
(3690, '', '224'),
(3691, '', '224'),
(3692, '', '224'),
(3693, '10', '224'),
(3694, '', '224'),
(3695, '12', '224'),
(3696, '', '224'),
(3697, '1', '274'),
(3698, '', '274'),
(3699, '5', '274'),
(3700, '16', '274'),
(3701, '', '274'),
(3702, '', '274'),
(3703, '', '274'),
(3704, '14', '274'),
(3705, '', '274'),
(3706, '12', '274'),
(3707, '', '274'),
(3708, '2', '211'),
(3709, '', '211'),
(3710, '5', '211'),
(3711, '16', '211'),
(3712, '', '211'),
(3713, '', '211'),
(3714, '', '211'),
(3715, '', '211'),
(3716, '', '211'),
(3717, '12', '211'),
(3718, '', '211'),
(3719, '1', '63'),
(3720, '3', '63'),
(3721, '5', '63'),
(3722, '7', '63'),
(3723, '15', '63'),
(3724, '8', '63'),
(3725, '9', '63'),
(3726, '10', '63'),
(3727, '13', '63'),
(3728, '6', '63'),
(3729, '11', '63'),
(3730, '2', '251'),
(3731, '', '251'),
(3732, '5', '251'),
(3733, '16', '251'),
(3734, '', '251'),
(3735, '', '251'),
(3736, '', '251'),
(3737, '10', '251'),
(3738, '', '251'),
(3739, '12', '251'),
(3740, '', '251'),
(3741, '2', '62'),
(3742, '', '62'),
(3743, '5', '62'),
(3744, '7', '62'),
(3745, '15', '62'),
(3746, '8', '62'),
(3747, '9', '62'),
(3748, '', '62'),
(3749, '', '62'),
(3750, '6', '62'),
(3751, '11', '62'),
(3752, '1', '281'),
(3753, '3', '281'),
(3754, '4', '281'),
(3755, '7', '281'),
(3756, '15', '281'),
(3757, '8', '281'),
(3758, '9', '281'),
(3759, '10', '281'),
(3760, '13', '281'),
(3761, '12', '281'),
(3762, '11', '281'),
(3763, '2', '249'),
(3764, '', '249'),
(3765, '5', '249'),
(3766, '16', '249'),
(3767, '', '249'),
(3768, '', '249'),
(3769, '', '249'),
(3770, '10', '249'),
(3771, '', '249'),
(3772, '12', '249'),
(3773, '', '249'),
(3774, '2', '244'),
(3775, '', '244'),
(3776, '5', '244'),
(3777, '16', '244'),
(3778, '', '244'),
(3779, '', '244'),
(3780, '', '244'),
(3781, '10', '244'),
(3782, '', '244'),
(3783, '12', '244'),
(3784, '', '244'),
(3785, '1', '215'),
(3786, '3', '215'),
(3787, '4', '215'),
(3788, '16', '215'),
(3789, '15', '215'),
(3790, '8', '215'),
(3791, '9', '215'),
(3792, '14', '215'),
(3793, '13', '215'),
(3794, '12', '215'),
(3795, '11', '215'),
(3796, '1', '243'),
(3797, '', '243'),
(3798, '4', '243'),
(3799, '16', '243'),
(3800, '', '243'),
(3801, '', '243'),
(3802, '', '243'),
(3803, '14', '243'),
(3804, '', '243'),
(3805, '12', '243'),
(3806, '11', '243'),
(3807, '1', '242'),
(3808, '3', '242'),
(3809, '5', '242'),
(3810, '7', '242'),
(3811, '15', '242'),
(3812, '8', '242'),
(3813, '', '242'),
(3814, '10', '242'),
(3815, '13', '242'),
(3816, '6', '242'),
(3817, '', '242'),
(3818, '2', '248'),
(3819, '3', '248'),
(3820, '5', '248'),
(3821, '16', '248'),
(3822, '15', '248'),
(3823, '8', '248'),
(3824, '9', '248'),
(3825, '', '248'),
(3826, '', '248'),
(3827, '12', '248'),
(3828, '', '248'),
(3829, '1', '272'),
(3830, '3', '272'),
(3831, '5', '272'),
(3832, '7', '272'),
(3833, '15', '272'),
(3834, '8', '272'),
(3835, '9', '272'),
(3836, '', '272'),
(3837, '13', '272'),
(3838, '12', '272'),
(3839, '11', '272'),
(3840, '1', '273'),
(3841, '', '273'),
(3842, '5', '273'),
(3843, '7', '273'),
(3844, '', '273'),
(3845, '', '273'),
(3846, '', '273'),
(3847, '10', '273'),
(3848, '', '273'),
(3849, '12', '273'),
(3850, '', '273'),
(3851, '1', '266'),
(3852, '3', '266'),
(3853, '5', '266'),
(3854, '7', '266'),
(3855, '15', '266'),
(3856, '8', '266'),
(3857, '9', '266'),
(3858, '10', '266'),
(3859, '13', '266'),
(3860, '12', '266'),
(3861, '11', '266'),
(3862, '1', '199'),
(3863, '3', '199'),
(3864, '4', '199'),
(3865, '7', '199'),
(3866, '15', '199'),
(3867, '8', '199'),
(3868, '9', '199'),
(3869, '14', '199'),
(3870, '13', '199'),
(3871, '12', '199'),
(3872, '11', '199'),
(3873, '1', '204'),
(3874, '3', '204'),
(3875, '5', '204'),
(3876, '7', '204'),
(3877, '15', '204'),
(3878, '', '204'),
(3879, '9', '204'),
(3880, '14', '204'),
(3881, '13', '204'),
(3882, '12', '204'),
(3883, '11', '204'),
(3884, '1', '278'),
(3885, '3', '278'),
(3886, '4', '278'),
(3887, '7', '278'),
(3888, '15', '278'),
(3889, '8', '278'),
(3890, '9', '278'),
(3891, '10', '278'),
(3892, '13', '278'),
(3893, '17', '278'),
(3894, '11', '278'),
(3895, '1', '271'),
(3896, '', '271'),
(3897, '', '271'),
(3898, '7', '271'),
(3899, '', '271'),
(3900, '', '271'),
(3901, '9', '271'),
(3902, '14', '271'),
(3903, '', '271'),
(3904, '12', '271'),
(3905, '11', '271'),
(3906, '1', '218'),
(3907, '3', '218'),
(3908, '5', '218'),
(3909, '7', '218'),
(3910, '15', '218'),
(3911, '8', '218'),
(3912, '9', '218'),
(3913, '14', '218'),
(3914, '13', '218'),
(3915, '12', '218'),
(3916, '', '218');

--
-- Indexes for dumped tables
--

--
-- Indexes for table `candidate`
--
ALTER TABLE `candidate`
 ADD PRIMARY KEY (`candidate_id`);

--
-- Indexes for table `user`
--
ALTER TABLE `user`
 ADD PRIMARY KEY (`user_id`);

--
-- Indexes for table `voters`
--
ALTER TABLE `voters`
 ADD PRIMARY KEY (`voters_id`);

--
-- Indexes for table `votes`
--
ALTER TABLE `votes`
 ADD PRIMARY KEY (`vote_id`);

--
-- AUTO_INCREMENT for dumped tables
--

--
-- AUTO_INCREMENT for table `candidate`
--
ALTER TABLE `candidate`
MODIFY `candidate_id` int(11) NOT NULL AUTO_INCREMENT,AUTO_INCREMENT=18;
--
-- AUTO_INCREMENT for table `user`
--
ALTER TABLE `user`
MODIFY `user_id` int(11) NOT NULL AUTO_INCREMENT,AUTO_INCREMENT=5;
--
-- AUTO_INCREMENT for table `voters`
--
ALTER TABLE `voters`
MODIFY `voters_id` int(11) NOT NULL AUTO_INCREMENT,AUTO_INCREMENT=389;
--
-- AUTO_INCREMENT for table `votes`
--
ALTER TABLE `votes`
MODIFY `vote_id` int(255) NOT NULL AUTO_INCREMENT,AUTO_INCREMENT=3917;
/*!40101 SET CHARACTER_SET_CLIENT=@OLD_CHARACTER_SET_CLIENT */;
/*!40101 SET CHARACTER_SET_RESULTS=@OLD_CHARACTER_SET_RESULTS */;
/*!40101 SET COLLATION_CONNECTION=@OLD_COLLATION_CONNECTION */;
